,unique_id,ds,cutoff,NBEATSx,Real_value,NHITS
0,BTC,2022-04-29,2022-04-28,0.008223299,0.0074577865800993,0.008702621
1,BTC,2022-04-30,2022-04-28,0.008038973,0.0054428967399202,0.008763484
2,BTC,2022-05-01,2022-04-28,0.008133676,0.0075400180393899,0.008946072
3,BTC,2022-05-02,2022-04-28,0.008375167,0.007785433454798,0.00912866
4,BTC,2022-05-03,2022-04-28,0.008432071,0.005110931366543,0.009015208
5,BTC,2022-05-04,2022-04-28,0.008373562,0.0077694720554706,0.008901755
6,BTC,2022-05-05,2022-04-28,0.008330363,0.0123454913098424,0.008863938
7,BTC,2022-05-06,2022-04-29,0.007705111,0.0089331874512553,0.00941719
8,BTC,2022-05-07,2022-04-30,0.007185393,0.0071615689848531,0.0074209976
9,BTC,2022-05-08,2022-05-01,0.008107521,0.0095463408767549,0.008732712
10,BTC,2022-05-09,2022-05-02,0.0074857245,0.0175487613459095,0.008326759
11,BTC,2022-05-10,2022-05-03,0.0064481427,0.0197654914435254,0.007265723
12,BTC,2022-05-11,2022-05-04,0.008210182,0.0336483705664295,0.0087217195
13,BTC,2022-05-12,2022-05-05,0.0088983225,0.0298904925858492,0.010867397
14,BTC,2022-05-13,2022-05-06,0.008338124,0.0154662242067704,0.009621984
15,BTC,2022-05-14,2022-05-07,0.008353306,0.0119537654255075,0.009070538
16,BTC,2022-05-15,2022-05-08,0.009587256,0.0103781701176544,0.0101699075
17,BTC,2022-05-16,2022-05-09,0.010100476,0.013481059957886,0.012044631
18,BTC,2022-05-17,2022-05-10,0.011650309,0.0102603672168518,0.012047962
19,BTC,2022-05-18,2022-05-11,0.01609597,0.00965786229207,0.016417695
20,BTC,2022-05-19,2022-05-12,0.017115198,0.0100425105094226,0.016667668
21,BTC,2022-05-20,2022-05-13,0.016770098,0.0107147556118419,0.011848232
22,BTC,2022-05-21,2022-05-14,0.016440546,0.0048173609775051,0.010916038
23,BTC,2022-05-22,2022-05-15,0.0146180345,0.0077632288528472,0.013244277
24,BTC,2022-05-23,2022-05-16,0.014820914,0.0092220381080991,0.013498416
25,BTC,2022-05-24,2022-05-17,0.013276491,0.0075270763730458,0.013751625
26,BTC,2022-05-25,2022-05-18,0.014175704,0.0079897232814029,0.014626233
27,BTC,2022-05-26,2022-05-19,0.014547671,0.011579868523878,0.020452451
28,BTC,2022-05-27,2022-05-20,0.014477551,0.0101231114081446,0.017206945
29,BTC,2022-05-28,2022-05-21,0.012814214,0.0050366161825123,0.017248515
30,BTC,2022-05-29,2022-05-22,0.012481973,0.0043867743706035,0.015799316
31,BTC,2022-05-30,2022-05-23,0.012407471,0.0109857885058578,0.015674155
32,BTC,2022-05-31,2022-05-24,0.0111776665,0.0084306215404017,0.010845135
33,BTC,2022-06-01,2022-05-25,0.011782748,0.0100575828084086,0.010152285
34,BTC,2022-06-02,2022-05-26,0.010464045,0.0066893293944178,0.009561731
35,BTC,2022-06-03,2022-05-27,0.0103454115,0.007055947707981,0.010703234
36,BTC,2022-06-04,2022-05-28,0.008015558,0.0044353800471562,0.007905665
37,BTC,2022-06-05,2022-05-29,0.0074558565,0.0046687419912538,0.00761534
38,BTC,2022-06-06,2022-05-30,0.009390904,0.007979463906419,0.010600334
39,BTC,2022-06-07,2022-05-31,0.008662787,0.0160736144592066,0.009995805
40,BTC,2022-06-08,2022-06-01,0.009745611,0.0122065352326489,0.010459321
41,BTC,2022-06-09,2022-06-02,0.008448561,0.0056408278180271,0.0086312285
42,BTC,2022-06-10,2022-06-03,0.007844867,0.0087733557941172,0.009800253
43,BTC,2022-06-11,2022-06-04,0.0072189597,0.0084213038271361,0.007822135
44,BTC,2022-06-12,2022-06-05,0.007118905,0.0137392028046555,0.0083315475
45,BTC,2022-06-13,2022-06-06,0.0077276165,0.0236805168496329,0.009246246
46,BTC,2022-06-14,2022-06-07,0.009872198,0.0270436388664884,0.013003539
47,BTC,2022-06-15,2022-06-08,0.010956764,0.0285866904501774,0.0120089045
48,BTC,2022-06-16,2022-06-09,0.008955836,0.0143519138312781,0.008865327
49,BTC,2022-06-17,2022-06-10,0.009859939,0.0136097611957696,0.009575024
50,BTC,2022-06-18,2022-06-11,0.008822574,0.0237541775168886,0.01145543
51,BTC,2022-06-19,2022-06-12,0.010479596,0.0249054173634748,0.011931195
52,BTC,2022-06-20,2022-06-13,0.012496244,0.01807213878273,0.014260898
53,BTC,2022-06-21,2022-06-14,0.014816159,0.0136558864593049,0.015621422
54,BTC,2022-06-22,2022-06-15,0.018236065,0.0142219957202081,0.017986223
55,BTC,2022-06-23,2022-06-16,0.017196089,0.0124716156431011,0.013670389
56,BTC,2022-06-24,2022-06-17,0.016574198,0.0100690035791686,0.0147123
57,BTC,2022-06-25,2022-06-18,0.018482786,0.007727528684068,0.018201847
58,BTC,2022-06-26,2022-06-19,0.018457722,0.0081102200636488,0.019545475
59,BTC,2022-06-27,2022-06-20,0.018442385,0.0084163857317822,0.017538551
60,BTC,2022-06-28,2022-06-21,0.017175887,0.0082709786060837,0.018291328
61,BTC,2022-06-29,2022-06-22,0.017822845,0.0081504031412205,0.01927917
62,BTC,2022-06-30,2022-06-23,0.017511643,0.0171369084858436,0.020424347
63,BTC,2022-07-01,2022-06-24,0.016297698,0.0156931190284131,0.019836556
64,BTC,2022-07-02,2022-06-25,0.014440202,0.0061887594246974,0.016610708
65,BTC,2022-07-03,2022-06-26,0.013464104,0.0088118230283392,0.017857429
66,BTC,2022-07-04,2022-06-27,0.013551764,0.0098072040037117,0.015275331
67,BTC,2022-07-05,2022-06-28,0.01409684,0.0119087360015048,0.016008735
68,BTC,2022-07-06,2022-06-29,0.012610631,0.0095514959883341,0.014619985
69,BTC,2022-07-07,2022-06-30,0.014345256,0.0102900418400202,0.018943045
70,BTC,2022-07-08,2022-07-01,0.01525525,0.0137022770549622,0.016429985
71,BTC,2022-07-09,2022-07-02,0.011756592,0.0072270199969247,0.010836905
72,BTC,2022-07-10,2022-07-03,0.012308864,0.0079003739700528,0.010827262
73,BTC,2022-07-11,2022-07-04,0.011278966,0.0080834142704802,0.012689928
74,BTC,2022-07-12,2022-07-05,0.011331197,0.0085161817120987,0.012396766
75,BTC,2022-07-13,2022-07-06,0.010384743,0.0155003031967385,0.011469236
76,BTC,2022-07-14,2022-07-07,0.010771218,0.0116532603554414,0.011654556
77,BTC,2022-07-15,2022-07-08,0.011936631,0.0096563837979878,0.014171336
78,BTC,2022-07-16,2022-07-09,0.009674247,0.0088853919368618,0.009892605
79,BTC,2022-07-17,2022-07-10,0.010278317,0.0087938323286906,0.01225525
80,BTC,2022-07-18,2022-07-11,0.009376049,0.0159400552633822,0.010726268
81,BTC,2022-07-19,2022-07-12,0.009225787,0.0145054647817096,0.010879843
82,BTC,2022-07-20,2022-07-13,0.012790471,0.0147515840066128,0.013670326
83,BTC,2022-07-21,2022-07-14,0.012066349,0.0118325070673994,0.011776257
84,BTC,2022-07-22,2022-07-15,0.0106389355,0.0099385527884364,0.010615136
85,BTC,2022-07-23,2022-07-16,0.010380597,0.0082334269109443,0.010353003
86,BTC,2022-07-24,2022-07-17,0.010140033,0.0083489506202403,0.011900761
87,BTC,2022-07-25,2022-07-18,0.011642095,0.0100305514886601,0.014087508
88,BTC,2022-07-26,2022-07-19,0.011361702,0.0081735488371658,0.013605085
89,BTC,2022-07-27,2022-07-20,0.012832274,0.0121734389314501,0.013936753
90,BTC,2022-07-28,2022-07-21,0.012795837,0.0134750509553839,0.0132322125
91,BTC,2022-07-29,2022-07-22,0.011866229,0.010369813372394,0.012913545
92,BTC,2022-07-30,2022-07-23,0.011133574,0.0096228299951626,0.011794925
93,BTC,2022-07-31,2022-07-24,0.010468846,0.0076699826081052,0.011066383
94,BTC,2022-08-01,2022-07-25,0.011177583,0.0079204834427337,0.011198966
95,BTC,2022-08-02,2022-07-26,0.010370406,0.0088785439055584,0.011238807
96,BTC,2022-08-03,2022-07-27,0.011941218,0.0078215110148766,0.01340759
97,BTC,2022-08-04,2022-07-28,0.012088669,0.007702030363833,0.0144809345
98,BTC,2022-08-05,2022-07-29,0.011259517,0.008572737480908,0.012224699
99,BTC,2022-08-06,2022-07-30,0.011261123,0.0039080296039098,0.012458207
100,BTC,2022-08-07,2022-07-31,0.010498166,0.0042324604754352,0.010830669
101,BTC,2022-08-08,2022-08-01,0.010137922,0.0070426429730607,0.0103626065
102,BTC,2022-08-09,2022-08-02,0.0100703845,0.0057591568772187,0.010377258
103,BTC,2022-08-10,2022-08-03,0.009261464,0.0120058443914198,0.009323438
104,BTC,2022-08-11,2022-08-04,0.0090585705,0.0091936110755597,0.010143592
105,BTC,2022-08-12,2022-08-05,0.00930658,0.0063805278082395,0.0102419825
106,BTC,2022-08-13,2022-08-06,0.00717309,0.0058946368434902,0.007897373
107,BTC,2022-08-14,2022-08-07,0.007179204,0.0058052644342703,0.00810793
108,BTC,2022-08-15,2022-08-08,0.008009137,0.0103254702184416,0.009710023
109,BTC,2022-08-16,2022-08-09,0.007287803,0.0061979336967093,0.0075971354
110,BTC,2022-08-17,2022-08-10,0.009496514,0.008656294693744,0.010479175
111,BTC,2022-08-18,2022-08-11,0.009072305,0.0046737277844474,0.008971435
112,BTC,2022-08-19,2022-08-12,0.007851118,0.0136361868422888,0.008181009
113,BTC,2022-08-20,2022-08-13,0.0078093987,0.0079084556723446,0.007899396
114,BTC,2022-08-21,2022-08-14,0.007223051,0.0065968142141146,0.008663306
115,BTC,2022-08-22,2022-08-15,0.00841621,0.0078085486379592,0.009455832
116,BTC,2022-08-23,2022-08-16,0.0070702042,0.0074669314775977,0.008002764
117,BTC,2022-08-24,2022-08-17,0.008257948,0.0065589952173282,0.008836772
118,BTC,2022-08-25,2022-08-18,0.006862395,0.0051938367817434,0.0076585775
119,BTC,2022-08-26,2022-08-19,0.0091254935,0.0116019151714459,0.011208348
120,BTC,2022-08-27,2022-08-20,0.008192563,0.0061935446522867,0.010674907
121,BTC,2022-08-28,2022-08-21,0.007675362,0.0060213333435991,0.008273389
122,BTC,2022-08-29,2022-08-22,0.008512205,0.0066034627055485,0.009088424
123,BTC,2022-08-30,2022-08-23,0.0081988275,0.0090906628616562,0.008535909
124,BTC,2022-08-31,2022-08-24,0.007997687,0.0085114914893827,0.008865358
125,BTC,2022-09-01,2022-08-25,0.0069743767,0.0076343441859804,0.007961127
126,BTC,2022-09-02,2022-08-26,0.008533216,0.007659935985923,0.010219658
127,BTC,2022-09-03,2022-08-27,0.0074860863,0.0036636736619312,0.009477766
128,BTC,2022-09-04,2022-08-28,0.007930855,0.0049972126198264,0.008476416
129,BTC,2022-09-05,2022-08-29,0.00795275,0.0046483852403046,0.009267673
130,BTC,2022-09-06,2022-08-30,0.008109517,0.0119528269178489,0.010393627
131,BTC,2022-09-07,2022-08-31,0.008431676,0.0076874175656051,0.0086540505
132,BTC,2022-09-08,2022-09-01,0.00874992,0.0066635301347894,0.008803668
133,BTC,2022-09-09,2022-09-02,0.008129217,0.0113136127974753,0.007957331
134,BTC,2022-09-10,2022-09-03,0.005576321,0.0077295491264465,0.006583655
135,BTC,2022-09-11,2022-09-04,0.006625438,0.0066729533598326,0.0072385343
136,BTC,2022-09-12,2022-09-05,0.006368421,0.0106232090616696,0.007522841
137,BTC,2022-09-13,2022-09-06,0.007517058,0.0160439390271141,0.010397122
138,BTC,2022-09-14,2022-09-07,0.0077417553,0.0091347172773154,0.008610711
139,BTC,2022-09-15,2022-09-08,0.008004031,0.0088189052608411,0.008221927
140,BTC,2022-09-16,2022-09-09,0.009271706,0.00685685502423,0.009710427
141,BTC,2022-09-17,2022-09-10,0.008136412,0.0051407420235959,0.009334374
142,BTC,2022-09-18,2022-09-11,0.007991051,0.0066370624547247,0.008827954
143,BTC,2022-09-19,2022-09-12,0.009027486,0.0146488541459584,0.00972635
144,BTC,2022-09-20,2022-09-13,0.009592248,0.0096110944601319,0.011232343
145,BTC,2022-09-21,2022-09-14,0.009615382,0.0181167479880925,0.010537445
146,BTC,2022-09-22,2022-09-15,0.010222547,0.009852701965104,0.009452172
147,BTC,2022-09-23,2022-09-16,0.008397024,0.0093756842915322,0.008953108
148,BTC,2022-09-24,2022-09-17,0.007514519,0.0057509273548802,0.008985258
149,BTC,2022-09-25,2022-09-18,0.008284753,0.0056277499920541,0.008951601
150,BTC,2022-09-26,2022-09-19,0.010874705,0.0088641832332302,0.013415365
151,BTC,2022-09-27,2022-09-20,0.009871036,0.0147028753250994,0.011436924
152,BTC,2022-09-28,2022-09-21,0.013569813,0.0115979987507697,0.015006026
153,BTC,2022-09-29,2022-09-22,0.012060857,0.0099649422587694,0.012671396
154,BTC,2022-09-30,2022-09-23,0.010918641,0.0104958208818939,0.013304477
155,BTC,2022-10-01,2022-09-24,0.009551177,0.0036101245850261,0.011225139
156,BTC,2022-10-02,2022-09-25,0.008487308,0.0049195081060871,0.008870082
157,BTC,2022-10-03,2022-09-26,0.009973845,0.0064741536045857,0.010566964
158,BTC,2022-10-04,2022-09-27,0.0114450175,0.0067333166207715,0.013792231
159,BTC,2022-10-05,2022-09-28,0.011659665,0.0072156543151241,0.013199131
160,BTC,2022-10-06,2022-09-29,0.011677361,0.0062245176881997,0.013023855
161,BTC,2022-10-07,2022-09-30,0.011518481,0.0070652770654235,0.011952352
162,BTC,2022-10-08,2022-10-01,0.00843273,0.003534098143571,0.010425701
163,BTC,2022-10-09,2022-10-02,0.0088348985,0.0032858589988256,0.011004948
164,BTC,2022-10-10,2022-10-03,0.00853784,0.0058997550614547,0.009013931
165,BTC,2022-10-11,2022-10-04,0.008655272,0.0050909521381536,0.008251801
166,BTC,2022-10-12,2022-10-05,0.008779221,0.0033780544653788,0.009939695
167,BTC,2022-10-13,2022-10-06,0.008465264,0.012247990942828,0.009403311
168,BTC,2022-10-14,2022-10-07,0.007832989,0.0088360968520297,0.009929647
169,BTC,2022-10-15,2022-10-08,0.006609597,0.0026939089744771,0.007619951
170,BTC,2022-10-16,2022-10-09,0.006360287,0.0049345584647092,0.006703675
171,BTC,2022-10-17,2022-10-10,0.00714644,0.0043805467536733,0.007986061
172,BTC,2022-10-18,2022-10-11,0.006315196,0.0057438689509989,0.0067408658
173,BTC,2022-10-19,2022-10-12,0.0051780464,0.0043009712631744,0.005360121
174,BTC,2022-10-20,2022-10-13,0.00810022,0.005285537886569,0.009528725
175,BTC,2022-10-21,2022-10-14,0.006932988,0.005484502449089,0.008398036
176,BTC,2022-10-22,2022-10-15,0.005244334,0.0018001778580591,0.005101449
177,BTC,2022-10-23,2022-10-16,0.0066118804,0.0044529147768226,0.006483873
178,BTC,2022-10-24,2022-10-17,0.0056544496,0.0040031178333343,0.007221109
179,BTC,2022-10-25,2022-10-18,0.0060872408,0.0072243454904954,0.0073076366
180,BTC,2022-10-26,2022-10-19,0.005465642,0.008306729807485,0.0060960944
181,BTC,2022-10-27,2022-10-20,0.0058410442,0.006870403691025,0.0067109736
182,BTC,2022-10-28,2022-10-21,0.005690365,0.0067179624152269,0.008225552
183,BTC,2022-10-29,2022-10-22,0.0041549257,0.0057314887545286,0.004440163
184,BTC,2022-10-30,2022-10-23,0.005513654,0.0044963758809065,0.0073630735
185,BTC,2022-10-31,2022-10-24,0.0045457133,0.0065492219650767,0.0061268406
186,BTC,2022-11-01,2022-10-25,0.0054390556,0.0039862801423768,0.007272901
187,BTC,2022-11-02,2022-10-26,0.0073040454,0.0071622326808742,0.007297038
188,BTC,2022-11-03,2022-10-27,0.006825342,0.0046735814505697,0.006004708
189,BTC,2022-11-04,2022-10-28,0.0064993897,0.0091420951499072,0.006231917
190,BTC,2022-11-05,2022-10-29,0.006208006,0.004722269359932,0.006037119
191,BTC,2022-11-06,2022-10-30,0.005542094,0.0039980552592155,0.006016379
192,BTC,2022-11-07,2022-10-31,0.0060138954,0.0061564918499667,0.006443514
193,BTC,2022-11-08,2022-11-01,0.0050974926,0.0274622280545928,0.005294667
194,BTC,2022-11-09,2022-11-02,0.006566226,0.0211621276925829,0.0070065283
195,BTC,2022-11-10,2022-11-03,0.005832388,0.0246079659661117,0.0061080423
196,BTC,2022-11-11,2022-11-04,0.0071127783,0.0160314755543389,0.008325692
197,BTC,2022-11-12,2022-11-05,0.006088718,0.0061449889043205,0.006262991
198,BTC,2022-11-13,2022-11-06,0.0054040896,0.0070570262093455,0.006303737
199,BTC,2022-11-14,2022-11-07,0.0066108117,0.0176573904986431,0.0071653305
200,BTC,2022-11-15,2022-11-08,0.010081577,0.0093968495659998,0.013501371
201,BTC,2022-11-16,2022-11-09,0.011007795,0.0066907698637232,0.013037832
202,BTC,2022-11-17,2022-11-10,0.015408898,0.0054417174226137,0.014423937
203,BTC,2022-11-18,2022-11-11,0.014762484,0.0055512837787677,0.010792554
204,BTC,2022-11-19,2022-11-12,0.010823287,0.0027938779257099,0.009546942
205,BTC,2022-11-20,2022-11-13,0.011909345,0.0056580236191094,0.009281396
206,BTC,2022-11-21,2022-11-14,0.013250422,0.0100111152342334,0.014381389
207,BTC,2022-11-22,2022-11-15,0.011230949,0.0083438155032196,0.010130294
208,BTC,2022-11-23,2022-11-16,0.010899265,0.0081833414752117,0.014025578
209,BTC,2022-11-24,2022-11-17,0.011799742,0.0051599597826337,0.013219453
210,BTC,2022-11-25,2022-11-18,0.01061353,0.0041817756696492,0.017171483
211,BTC,2022-11-26,2022-11-19,0.009430511,0.0035133411268068,0.013787737
212,BTC,2022-11-27,2022-11-20,0.009893486,0.0031504887096785,0.013933592
213,BTC,2022-11-28,2022-11-21,0.011918556,0.0073293253129116,0.015064918
214,BTC,2022-11-29,2022-11-22,0.0100595625,0.0046923323304035,0.012069891
215,BTC,2022-11-30,2022-11-23,0.010319789,0.008284091047833,0.011316517
216,BTC,2022-12-01,2022-11-24,0.008936954,0.004722513142398,0.009123165
217,BTC,2022-12-02,2022-11-25,0.0070738858,0.0045809990805267,0.0092071025
218,BTC,2022-12-03,2022-11-26,0.0060854466,0.0026746020080103,0.00573292
219,BTC,2022-12-04,2022-11-27,0.0060317246,0.0033407802851454,0.004933003
220,BTC,2022-12-05,2022-11-28,0.006715155,0.0053814978479683,0.0063111
221,BTC,2022-12-06,2022-11-29,0.0059415773,0.0032723756424696,0.006961724
222,BTC,2022-12-07,2022-11-30,0.00742149,0.0039048436117661,0.008681124
223,BTC,2022-12-08,2022-12-01,0.00640474,0.0048925629672804,0.0067030103
224,BTC,2022-12-09,2022-12-02,0.0057547744,0.0034448930943921,0.007459885
225,BTC,2022-12-10,2022-12-03,0.005164782,0.0017912496521209,0.005538733
226,BTC,2022-12-11,2022-12-04,0.005128338,0.0021329387553177,0.005457075
227,BTC,2022-12-12,2022-12-05,0.005686266,0.0032787829432174,0.005880573
228,BTC,2022-12-13,2022-12-06,0.0046891263,0.008512758490373,0.005179617
229,BTC,2022-12-14,2022-12-07,0.0048221294,0.0085486637328636,0.005509399
230,BTC,2022-12-15,2022-12-08,0.00528649,0.0050671059877117,0.0062746257
231,BTC,2022-12-16,2022-12-09,0.004346812,0.0070623318242083,0.0056974986
232,BTC,2022-12-17,2022-12-10,0.0037776805,0.003210413256838,0.0047258493
233,BTC,2022-12-18,2022-12-11,0.0038309419,0.0026026839762192,0.004588081
234,BTC,2022-12-19,2022-12-12,0.0037922289,0.0050104764823018,0.0039983066
235,BTC,2022-12-20,2022-12-13,0.0052272505,0.005908901509387,0.006543087
236,BTC,2022-12-21,2022-12-14,0.0054334835,0.0035290328772797,0.0064562242
237,BTC,2022-12-22,2022-12-15,0.0054580574,0.0037289617391687,0.0053301635
238,BTC,2022-12-23,2022-12-16,0.0061314693,0.0030634412265028,0.0058873184
239,BTC,2022-12-24,2022-12-17,0.004786268,0.001287996326989,0.005165661
240,BTC,2022-12-25,2022-12-18,0.0045125554,0.0020985801328894,0.0048321225
241,BTC,2022-12-26,2022-12-19,0.0047154534,0.002024126963909,0.005710832
242,BTC,2022-12-27,2022-12-20,0.005243686,0.0031597071478425,0.005492513
243,BTC,2022-12-28,2022-12-21,0.004544326,0.0040855870073119,0.00549437
244,BTC,2022-12-29,2022-12-22,0.005200888,0.0023187340843804,0.0056240037
245,BTC,2022-12-30,2022-12-23,0.0045131,0.0037625568727439,0.005858685
246,BTC,2022-12-31,2022-12-24,0.0036578947,0.0017914351399184,0.0046139346
247,BTC,2023-01-01,2022-12-25,0.003839465,0.0013277310183345,0.0050325645
248,BTC,2023-01-02,2022-12-26,0.0037188448,0.0028671725717031,0.004253678
249,BTC,2023-01-03,2022-12-27,0.004010523,0.0023669055801518,0.0046318015
250,BTC,2023-01-04,2022-12-28,0.0040520933,0.003699651845527,0.0044355136
251,BTC,2023-01-05,2022-12-29,0.0035942488,0.0018791605124692,0.003902107
252,BTC,2023-01-06,2022-12-30,0.003643104,0.0032071988225727,0.004094315
253,BTC,2023-01-07,2022-12-31,0.0028941587,0.0010769360376931,0.0034482535
254,BTC,2023-01-08,2023-01-01,0.0025056857,0.002971367992274,0.002533056
255,BTC,2023-01-09,2023-01-02,0.0031655529,0.0033937756597807,0.0034698998
256,BTC,2023-01-10,2023-01-03,0.0026634785,0.0028388233181904,0.0026395775
257,BTC,2023-01-11,2023-01-04,0.0032710573,0.005983875835168,0.0035284106
258,BTC,2023-01-12,2023-01-05,0.0027583935,0.0131165556551627,0.002912691
259,BTC,2023-01-13,2023-01-06,0.0030056003,0.0083866228112477,0.0037168453
260,BTC,2023-01-14,2023-01-07,0.0022766117,0.0161808916611522,0.0023846899
261,BTC,2023-01-15,2023-01-08,0.0028733462,0.0063089900072102,0.0038331985
262,BTC,2023-01-16,2023-01-09,0.0030958452,0.0086661359216884,0.0036254073
263,BTC,2023-01-17,2023-01-10,0.0030051384,0.0070375661371723,0.0033141305
264,BTC,2023-01-18,2023-01-11,0.0039935885,0.0098486621022416,0.004211574
265,BTC,2023-01-19,2023-01-12,0.0053376295,0.0048581903206759,0.0066430885
266,BTC,2023-01-20,2023-01-13,0.005411357,0.009874863553164,0.005647741
267,BTC,2023-01-21,2023-01-14,0.0083121555,0.0099921949917392,0.007904528
268,BTC,2023-01-22,2023-01-15,0.006872329,0.0071185882172332,0.004891819
269,BTC,2023-01-23,2023-01-16,0.0077293394,0.0077613673842702,0.006385031
270,BTC,2023-01-24,2023-01-17,0.00737908,0.0060190058796261,0.0053928043
271,BTC,2023-01-25,2023-01-18,0.0079717785,0.0121535669109454,0.0075602196
272,BTC,2023-01-26,2023-01-19,0.0065633818,0.0059514848815281,0.0054116948
273,BTC,2023-01-27,2023-01-20,0.009071706,0.0071944852185217,0.0094037345
274,BTC,2023-01-28,2023-01-21,0.009733145,0.0027244206785009,0.009899446
275,BTC,2023-01-29,2023-01-22,0.00897957,0.0065520122721304,0.010792236
276,BTC,2023-01-30,2023-01-23,0.009341019,0.0077745720380152,0.011276682
277,BTC,2023-01-31,2023-01-24,0.00847022,0.0058411462186139,0.010467112
278,BTC,2023-02-01,2023-01-25,0.010215909,0.0067605736942357,0.01307202
279,BTC,2023-02-02,2023-01-26,0.007938139,0.0091399536210816,0.007979727
280,BTC,2023-02-03,2023-01-27,0.009062216,0.0054789393651938,0.008761726
281,BTC,2023-02-04,2023-01-28,0.00611738,0.0028069248716729,0.006399773
282,BTC,2023-02-05,2023-01-29,0.0072089974,0.0048170030518999,0.009198292
283,BTC,2023-02-06,2023-01-30,0.0077698994,0.0052817154693388,0.009820717
284,BTC,2023-02-07,2023-01-31,0.007359473,0.0067507060240399,0.008117925
285,BTC,2023-02-08,2023-02-01,0.007606245,0.0045625105485998,0.008457655
286,BTC,2023-02-09,2023-02-02,0.008802263,0.0081027759710118,0.010218326
287,BTC,2023-02-10,2023-02-03,0.0072796666,0.0056325539937368,0.007993854
288,BTC,2023-02-11,2023-02-04,0.0057441224,0.0027822622458626,0.0073445956
289,BTC,2023-02-12,2023-02-05,0.0065071355,0.0042798740361286,0.0075863684
290,BTC,2023-02-13,2023-02-06,0.006084682,0.0057387334595438,0.0062753214
291,BTC,2023-02-14,2023-02-07,0.006882,0.0082106187793968,0.0071013127
292,BTC,2023-02-15,2023-02-08,0.005897776,0.0105058083397688,0.0060984874
293,BTC,2023-02-16,2023-02-09,0.006836638,0.012152615334329,0.008098301
294,BTC,2023-02-17,2023-02-10,0.005986745,0.0106211297253069,0.007345117
295,BTC,2023-02-18,2023-02-11,0.004957782,0.0043362930026741,0.005396717
296,BTC,2023-02-19,2023-02-12,0.0057658176,0.0071569215675438,0.0069272323
297,BTC,2023-02-20,2023-02-13,0.005535317,0.0076802159298974,0.0071026366
298,BTC,2023-02-21,2023-02-14,0.0065116407,0.0081639482789182,0.0070393453
299,BTC,2023-02-22,2023-02-15,0.007832474,0.0077341798725892,0.008428975
300,BTC,2023-02-23,2023-02-16,0.007938977,0.0086698797390754,0.008980848
301,BTC,2023-02-24,2023-02-17,0.008305147,0.0076401740209997,0.008786058
302,BTC,2023-02-25,2023-02-18,0.006889786,0.0044927290946463,0.005779924
303,BTC,2023-02-26,2023-02-19,0.008268021,0.0051588071214043,0.008515748
304,BTC,2023-02-27,2023-02-20,0.007471803,0.0068909535540768,0.008346017
305,BTC,2023-02-28,2023-02-21,0.007613247,0.0051026394406847,0.008156151
306,BTC,2023-03-01,2023-02-22,0.008268051,0.0074008350981773,0.008170408
307,BTC,2023-03-02,2023-02-23,0.008885133,0.0043584902693566,0.009596099
308,BTC,2023-03-03,2023-02-24,0.008229858,0.0138650890149399,0.009674437
309,BTC,2023-03-04,2023-02-25,0.0073363064,0.0024107180315988,0.0075560813
310,BTC,2023-03-05,2023-02-26,0.0074064415,0.0049059367534061,0.008638962
311,BTC,2023-03-06,2023-02-27,0.0075481827,0.0034090079310911,0.009003387
312,BTC,2023-03-07,2023-02-28,0.0066099395,0.0054201502251192,0.007323962
313,BTC,2023-03-08,2023-03-01,0.0076648807,0.0061733234985844,0.007877641
314,BTC,2023-03-09,2023-03-02,0.006602137,0.0109937309733251,0.006242573
315,BTC,2023-03-10,2023-03-03,0.008688647,0.011445547847406,0.0104172025
316,BTC,2023-03-11,2023-03-04,0.0057448708,0.0097935812239168,0.0037703053
317,BTC,2023-03-12,2023-03-05,0.0064396476,0.0121819202962578,0.0073490203
318,BTC,2023-03-13,2023-03-06,0.005901293,0.0163782471862832,0.0062763933
319,BTC,2023-03-14,2023-03-07,0.0059679397,0.0185531836913585,0.007657042
320,BTC,2023-03-15,2023-03-08,0.006772984,0.0115576016516423,0.0075364513
321,BTC,2023-03-16,2023-03-09,0.008068353,0.0087114387792217,0.009489062
322,BTC,2023-03-17,2023-03-10,0.008181448,0.0132078396745551,0.009834966
323,BTC,2023-03-18,2023-03-11,0.009095016,0.0104420444325426,0.010420164
324,BTC,2023-03-19,2023-03-12,0.010586616,0.0092069898585882,0.010513779
325,BTC,2023-03-20,2023-03-13,0.010275073,0.0113896819870155,0.012906787
326,BTC,2023-03-21,2023-03-14,0.011603687,0.0083137356518939,0.012922471
327,BTC,2023-03-22,2023-03-15,0.011505538,0.0150192188939624,0.011713596
328,BTC,2023-03-23,2023-03-16,0.010587698,0.0113940111819718,0.009840331
329,BTC,2023-03-24,2023-03-17,0.011995915,0.0074069153610293,0.013211248
330,BTC,2023-03-25,2023-03-18,0.010620437,0.0052371624111344,0.009309655
331,BTC,2023-03-26,2023-03-19,0.01047492,0.0059727356152337,0.010308157
332,BTC,2023-03-27,2023-03-20,0.011776059,0.0088201013166215,0.011365552
333,BTC,2023-03-28,2023-03-21,0.010328253,0.0077651095852064,0.012048952
334,BTC,2023-03-29,2023-03-22,0.013853578,0.0080704328560365,0.016046392
335,BTC,2023-03-30,2023-03-23,0.012575573,0.0102979865971368,0.014734954
336,BTC,2023-03-31,2023-03-24,0.010283893,0.0073328933005549,0.011647555
337,BTC,2023-04-01,2023-03-25,0.0088868225,0.0039677088151966,0.010881489
338,BTC,2023-04-02,2023-03-26,0.008625027,0.0044530754632712,0.00939257
339,BTC,2023-04-03,2023-03-27,0.010038073,0.0092909849006346,0.011151703
340,BTC,2023-04-04,2023-03-28,0.009389131,0.0051106456024404,0.010068287
341,BTC,2023-04-05,2023-03-29,0.0092168,0.0071897380934899,0.010167614
342,BTC,2023-04-06,2023-03-30,0.0104302885,0.0044292745667803,0.012337975
343,BTC,2023-04-07,2023-03-31,0.009144152,0.0031190369320214,0.010169818
344,BTC,2023-04-08,2023-04-01,0.0077458355,0.0023074120444932,0.008982813
345,BTC,2023-04-09,2023-04-02,0.007589393,0.0040105702208263,0.0086203525
346,BTC,2023-04-10,2023-04-03,0.008475526,0.0071978871547653,0.009493054
347,BTC,2023-04-11,2023-04-04,0.00719071,0.006770664327877,0.006458165
348,BTC,2023-04-12,2023-04-05,0.008032167,0.005954123711961,0.007830542
349,BTC,2023-04-13,2023-04-06,0.006508713,0.0045230806019112,0.0066183545
350,BTC,2023-04-14,2023-04-07,0.005266435,0.0065420066399933,0.006914597
351,BTC,2023-04-15,2023-04-08,0.0052282037,0.002739286962772,0.006481164
352,BTC,2023-04-16,2023-04-09,0.005746339,0.0031122878037538,0.0068976907
353,BTC,2023-04-17,2023-04-10,0.006308487,0.0059177042263663,0.007954998
354,BTC,2023-04-18,2023-04-11,0.006767637,0.0061066253463448,0.007683446
355,BTC,2023-04-19,2023-04-12,0.0066798492,0.0093750017903866,0.007216755
356,BTC,2023-04-20,2023-04-13,0.0061301147,0.0072857389056046,0.006378336
357,BTC,2023-04-21,2023-04-14,0.006269275,0.0072515322914172,0.007872627
358,BTC,2023-04-22,2023-04-15,0.004777364,0.0042034822644279,0.004925118
359,BTC,2023-04-23,2023-04-16,0.0048147356,0.0051299733830466,0.0049853264
360,BTC,2023-04-24,2023-04-17,0.005498511,0.0075792203246543,0.005719823
361,BTC,2023-04-25,2023-04-18,0.0056679156,0.0060506628868672,0.006253866
362,BTC,2023-04-26,2023-04-19,0.0073273885,0.0199434593554916,0.007744315
363,BTC,2023-04-27,2023-04-20,0.0070711784,0.0124291042277345,0.0070802947
364,BTC,2023-04-28,2023-04-21,0.006870438,0.0054616044937783,0.006721088
365,BTC,2023-04-29,2023-04-22,0.00571162,0.0030268949455448,0.0060168635
366,BTC,2023-04-30,2023-04-23,0.006172685,0.0053373409755288,0.0065185977
367,BTC,2023-05-01,2023-04-24,0.0066648014,0.0096084071165356,0.0074925153
368,BTC,2023-05-02,2023-04-25,0.006049389,0.0064487603998453,0.0069071357
369,BTC,2023-05-03,2023-04-26,0.010077443,0.0077303638606907,0.0106909145
370,BTC,2023-05-04,2023-04-27,0.009632535,0.0050303632319197,0.010449008
371,BTC,2023-05-05,2023-04-28,0.008068876,0.0065784880603243,0.006297906
372,BTC,2023-05-06,2023-04-29,0.007056156,0.0056816275776599,0.00557221
373,BTC,2023-05-07,2023-04-30,0.0076432046,0.004686432692567,0.008895696
374,BTC,2023-05-08,2023-05-01,0.008593976,0.0079912830996573,0.009890055
375,BTC,2023-05-09,2023-05-02,0.0076019727,0.0053408784480806,0.008432106
376,BTC,2023-05-10,2023-05-03,0.00866957,0.0117202650189261,0.009941532
377,BTC,2023-05-11,2023-05-04,0.0075533474,0.0060593086059305,0.009933816
378,BTC,2023-05-12,2023-05-05,0.0076314155,0.0081637721452135,0.009713521
379,BTC,2023-05-13,2023-05-06,0.007714914,0.003578216194833,0.010839006
380,BTC,2023-05-14,2023-05-07,0.0063134255,0.0035289455318719,0.007717107
381,BTC,2023-05-15,2023-05-08,0.0074597755,0.0056992320143739,0.008654041
382,BTC,2023-05-16,2023-05-09,0.007301802,0.0046238393297722,0.0064895297
383,BTC,2023-05-17,2023-05-10,0.0088272765,0.0056586160696046,0.009084057
384,BTC,2023-05-18,2023-05-11,0.007006193,0.0073844812598783,0.0076879044
385,BTC,2023-05-19,2023-05-12,0.0076761353,0.0040614971577705,0.008244822
386,BTC,2023-05-20,2023-05-13,0.005881467,0.0026280694038213,0.006209967
387,BTC,2023-05-21,2023-05-14,0.0056488453,0.0032785759969737,0.006244324
388,BTC,2023-05-22,2023-05-15,0.0067337505,0.0044140951611493,0.007763019
389,BTC,2023-05-23,2023-05-16,0.005801694,0.0042804988163703,0.0065048523
390,BTC,2023-05-24,2023-05-17,0.006398292,0.0061982098328771,0.0071697
391,BTC,2023-05-25,2023-05-18,0.007497221,0.0048163549598766,0.008900391
392,BTC,2023-05-26,2023-05-19,0.0058243177,0.0039958305768266,0.0072003948
393,BTC,2023-05-27,2023-05-20,0.005251564,0.002510909316798,0.006565853
394,BTC,2023-05-28,2023-05-21,0.005524176,0.0055866017763655,0.006540824
395,BTC,2023-05-29,2023-05-22,0.005376789,0.0046026117628139,0.0057066577
396,BTC,2023-05-30,2023-05-23,0.005403376,0.00438649281101,0.005389095
397,BTC,2023-05-31,2023-05-24,0.005499825,0.0054198559620948,0.0053477054
398,BTC,2023-06-01,2023-05-25,0.005414366,0.0059087945472962,0.005524112
399,BTC,2023-06-02,2023-05-26,0.004810314,0.0046382829099657,0.005204585
400,BTC,2023-06-03,2023-05-27,0.0041575287,0.0025951161672507,0.0045254976
401,BTC,2023-06-04,2023-05-28,0.0051521626,0.0030685732419884,0.0061602923
402,BTC,2023-06-05,2023-05-29,0.00470523,0.0085815508113028,0.005679832
403,BTC,2023-06-06,2023-05-30,0.0046169437,0.0076983038835677,0.004835019
404,BTC,2023-06-07,2023-05-31,0.005400968,0.0077891181680804,0.0052602007
405,BTC,2023-06-08,2023-06-01,0.00515096,0.0048466771628209,0.005781847
406,BTC,2023-06-09,2023-06-02,0.004880465,0.0035020086147699,0.005478892
407,BTC,2023-06-10,2023-06-03,0.0040532947,0.0097678912995873,0.004330298
408,BTC,2023-06-11,2023-06-04,0.004180485,0.0043576220339846,0.0044615483
409,BTC,2023-06-12,2023-06-05,0.005526936,0.0044566547781073,0.006713558
410,BTC,2023-06-13,2023-06-06,0.005690557,0.0053458117460038,0.0065308064
411,BTC,2023-06-14,2023-06-07,0.0063870987,0.0095929248779678,0.0067044324
412,BTC,2023-06-15,2023-06-08,0.0056349454,0.0054585083786775,0.0051221503
413,BTC,2023-06-16,2023-06-09,0.004884753,0.0060960351921729,0.0052239806
414,BTC,2023-06-17,2023-06-10,0.007008359,0.0047845634217506,0.007692953
415,BTC,2023-06-18,2023-06-11,0.0053312765,0.0036103331569188,0.0053154416
416,BTC,2023-06-19,2023-06-12,0.0053232475,0.0054970193640312,0.0050941547
417,BTC,2023-06-20,2023-06-13,0.0058872835,0.0076620966974831,0.006550121
418,BTC,2023-06-21,2023-06-14,0.007197262,0.0103866895324529,0.008210649
419,BTC,2023-06-22,2023-06-15,0.0064690313,0.0079133171763822,0.008493145
420,BTC,2023-06-23,2023-06-16,0.0067552524,0.0100499394418012,0.0069308155
421,BTC,2023-06-24,2023-06-17,0.006064046,0.0047300713134663,0.006870485
422,BTC,2023-06-25,2023-06-18,0.0053317696,0.0043104336230978,0.0064999657
423,BTC,2023-06-26,2023-06-19,0.006361749,0.0064391640534879,0.0073059406
424,BTC,2023-06-27,2023-06-20,0.006434099,0.0055873435965661,0.007909768
425,BTC,2023-06-28,2023-06-21,0.006608497,0.005181872389483,0.009017445
426,BTC,2023-06-29,2023-06-22,0.0073878323,0.0047385940750419,0.008779755
427,BTC,2023-06-30,2023-06-23,0.0093237655,0.0114295495624842,0.009929435
428,BTC,2023-07-01,2023-06-24,0.00671088,0.0019786197224552,0.0072780503
429,BTC,2023-07-02,2023-06-25,0.0063133426,0.0039572770038046,0.0071499743
430,BTC,2023-07-03,2023-06-26,0.0070110783,0.0045855150476512,0.007767335
431,BTC,2023-07-04,2023-06-27,0.006511762,0.0038551029722256,0.006415768
432,BTC,2023-07-05,2023-06-28,0.006263707,0.0036129841094938,0.0067352774
433,BTC,2023-07-06,2023-06-29,0.006217686,0.008456625573773,0.0070110434
434,BTC,2023-07-07,2023-06-30,0.007628852,0.0044515662636505,0.010238341
435,BTC,2023-07-08,2023-07-01,0.0052898224,0.0022518668752645,0.0048115593
436,BTC,2023-07-09,2023-07-02,0.0060469024,0.0023294046021377,0.007147401
437,BTC,2023-07-10,2023-07-03,0.006340177,0.0060596801441849,0.0076780827
438,BTC,2023-07-11,2023-07-04,0.0056276377,0.0039480341012166,0.0070048766
439,BTC,2023-07-12,2023-07-05,0.005526249,0.0045137514927431,0.006140001
440,BTC,2023-07-13,2023-07-06,0.007107093,0.0070483245046741,0.0079605235
441,BTC,2023-07-14,2023-07-07,0.005485137,0.0072060647472521,0.006264435
442,BTC,2023-07-15,2023-07-08,0.0042388393,0.0016657498917641,0.005114588
443,BTC,2023-07-16,2023-07-09,0.0046949144,0.002691826462912,0.004955638
444,BTC,2023-07-17,2023-07-10,0.0052290345,0.0048637475416991,0.0076157325
445,BTC,2023-07-18,2023-07-11,0.0048303474,0.0046181389354624,0.006700378
446,BTC,2023-07-19,2023-07-12,0.004949213,0.0040859111920667,0.0052545504
447,BTC,2023-07-20,2023-07-13,0.0063636336,0.0051958686145414,0.0065661483
448,BTC,2023-07-21,2023-07-14,0.005433073,0.0027767288335345,0.006872853
449,BTC,2023-07-22,2023-07-15,0.004146332,0.0019636394362005,0.0038367892
450,BTC,2023-07-23,2023-07-16,0.0044949157,0.0033632518083733,0.004925337
451,BTC,2023-07-24,2023-07-17,0.0048091086,0.0060419385598398,0.006087942
452,BTC,2023-07-25,2023-07-18,0.0046266816,0.0027301333842751,0.005016931
453,BTC,2023-07-26,2023-07-19,0.0049450966,0.0040767919266294,0.0048418012
454,BTC,2023-07-27,2023-07-20,0.0051396815,0.0025067737634735,0.0052584535
455,BTC,2023-07-28,2023-07-21,0.003888552,0.0028380615659396,0.005222374
456,BTC,2023-07-29,2023-07-22,0.0037182895,0.001162358061794,0.0042280103
457,BTC,2023-07-30,2023-07-23,0.0043848907,0.0028158456382647,0.0058025876
458,BTC,2023-07-31,2023-07-24,0.004412366,0.0028638300450998,0.005959555
459,BTC,2023-08-01,2023-07-25,0.0038318408,0.0061886065788782,0.004725696
460,BTC,2023-08-02,2023-07-26,0.0044495473,0.0047533615291749,0.004784234
461,BTC,2023-08-03,2023-07-27,0.0040377234,0.0034522443012906,0.0039167283
462,BTC,2023-08-04,2023-07-28,0.0034513727,0.0030063557606572,0.0045846184
463,BTC,2023-08-05,2023-07-29,0.0029335273,0.0012438904226545,0.0032769807
464,BTC,2023-08-06,2023-07-30,0.0034926713,0.0016302262780716,0.0038978893
465,BTC,2023-08-07,2023-07-31,0.003455682,0.0033484416587709,0.0038728425
466,BTC,2023-08-08,2023-08-01,0.0042727254,0.0048700464254603,0.0053909468
467,BTC,2023-08-09,2023-08-02,0.0044503184,0.0043657763265713,0.0052948804
468,BTC,2023-08-10,2023-08-03,0.003886132,0.0029287431888331,0.004333355
469,BTC,2023-08-11,2023-08-04,0.0038039484,0.0021217757232207,0.0040753228
470,BTC,2023-08-12,2023-08-05,0.0027585733,0.0008864621208651,0.003089935
471,BTC,2023-08-13,2023-08-06,0.0029619962,0.0011257852205554,0.0032067413
472,BTC,2023-08-14,2023-08-07,0.0031513607,0.0033309696700656,0.0037714804
473,BTC,2023-08-15,2023-08-08,0.0037915045,0.0025160044572154,0.004270243
474,BTC,2023-08-16,2023-08-09,0.004174901,0.0031800673734779,0.0050322246
475,BTC,2023-08-17,2023-08-10,0.0038190926,0.019317072775588,0.0037127214
476,BTC,2023-08-18,2023-08-11,0.0033310936,0.007156593975297,0.0036836802
477,BTC,2023-08-19,2023-08-12,0.0027011165,0.0038688102114385,0.0031844906
478,BTC,2023-08-20,2023-08-13,0.0025774594,0.0028445941685064,0.002722115
479,BTC,2023-08-21,2023-08-14,0.003293569,0.0038289416496994,0.0034179792
480,BTC,2023-08-22,2023-08-15,0.0029700822,0.0059633367359554,0.0029884714
481,BTC,2023-08-23,2023-08-16,0.003310694,0.0059612940818671,0.0037570447
482,BTC,2023-08-24,2023-08-17,0.0066954195,0.0045175351870027,0.009092427
483,BTC,2023-08-25,2023-08-18,0.0058518965,0.0048520628603439,0.0057105916
484,BTC,2023-08-26,2023-08-19,0.0054443227,0.0012444199501181,0.003539661
485,BTC,2023-08-27,2023-08-20,0.005212267,0.0017202724080467,0.0032663164
486,BTC,2023-08-28,2023-08-21,0.0049206587,0.0034288801266005,0.006279831
487,BTC,2023-08-29,2023-08-22,0.0053671272,0.0141143138448499,0.006519897
488,BTC,2023-08-30,2023-08-23,0.005564227,0.0049793927390262,0.0066034887
489,BTC,2023-08-31,2023-08-24,0.00545149,0.0081844364083656,0.005798877
490,BTC,2023-09-01,2023-08-25,0.0059255213,0.0064009043602232,0.007266776
491,BTC,2023-09-02,2023-08-26,0.0042804372,0.0018402233374559,0.004901801
492,BTC,2023-09-03,2023-08-27,0.004633233,0.0027717712564183,0.0055945194
493,BTC,2023-09-04,2023-08-28,0.0038364069,0.0033579803844116,0.006233909
494,BTC,2023-09-05,2023-08-29,0.007183957,0.0030726183222822,0.010107558
495,BTC,2023-09-06,2023-08-30,0.0073206816,0.0052974998737088,0.005676962
496,BTC,2023-09-07,2023-08-31,0.007560943,0.0046869898878402,0.006395885
497,BTC,2023-09-08,2023-09-01,0.006753207,0.0043675489555011,0.0063057737
498,BTC,2023-09-09,2023-09-02,0.0044386885,0.0013433150857079,0.005939163
499,BTC,2023-09-10,2023-09-03,0.0051804264,0.0030522351489347,0.0063128634
500,BTC,2023-09-11,2023-09-04,0.004525541,0.0064090233591609,0.005361372
501,BTC,2023-09-12,2023-09-05,0.0046223532,0.0090359609672675,0.005021446
502,BTC,2023-09-13,2023-09-06,0.005919054,0.0050037412630376,0.0075760516
503,BTC,2023-09-14,2023-09-07,0.005896014,0.0062606236676318,0.0073278276
504,BTC,2023-09-15,2023-09-08,0.0049463054,0.0049412674327357,0.0070514195
505,BTC,2023-09-16,2023-09-09,0.0036966058,0.0022847673048554,0.004642504
506,BTC,2023-09-17,2023-09-10,0.0044519505,0.0020347592992812,0.005190119
507,BTC,2023-09-18,2023-09-11,0.005982099,0.0068844710977683,0.0064035538
508,BTC,2023-09-19,2023-09-12,0.0054903687,0.0062252191672627,0.005837863
509,BTC,2023-09-20,2023-09-13,0.005604601,0.0050149215908533,0.0055169673
510,BTC,2023-09-21,2023-09-14,0.0062288563,0.0042925591334458,0.005919441
511,BTC,2023-09-22,2023-09-15,0.0053141257,0.0026029324929004,0.0054887007
512,BTC,2023-09-23,2023-09-16,0.0039734747,0.0010558078113453,0.0045445478
513,BTC,2023-09-24,2023-09-17,0.0037701356,0.0038134454371708,0.0040169726
514,BTC,2023-09-25,2023-09-18,0.005394469,0.0038138535583958,0.006031579
515,BTC,2023-09-26,2023-09-19,0.005594145,0.0027608255378813,0.0064030173
516,BTC,2023-09-27,2023-09-20,0.0057564243,0.005708794790054,0.0063699493
517,BTC,2023-09-28,2023-09-21,0.0056384797,0.0056113145778177,0.0061668614
518,BTC,2023-09-29,2023-09-22,0.0042442917,0.0044444183793432,0.0056962958
519,BTC,2023-09-30,2023-09-23,0.0034718052,0.0017644018765597,0.0047691152
520,BTC,2023-10-01,2023-09-24,0.004585363,0.0070525031402017,0.0050179376
521,BTC,2023-10-02,2023-09-25,0.0044005713,0.0080728134323663,0.0046306914
522,BTC,2023-10-03,2023-09-26,0.0037657686,0.0045130355744108,0.004601483
523,BTC,2023-10-04,2023-09-27,0.0053042155,0.0040841338426566,0.0058501502
524,BTC,2023-10-05,2023-09-28,0.0050081336,0.0054668222987092,0.006092596
525,BTC,2023-10-06,2023-09-29,0.0045607924,0.0072070476103035,0.005452075
526,BTC,2023-10-07,2023-09-30,0.0035736666,0.0019657759576627,0.0037929788
527,BTC,2023-10-08,2023-10-01,0.0056930454,0.0029454155369461,0.0061487886
528,BTC,2023-10-09,2023-10-02,0.005291315,0.0044493386243838,0.0060581844
529,BTC,2023-10-10,2023-10-03,0.0050523942,0.0031498909406896,0.005022458
530,BTC,2023-10-11,2023-10-04,0.0047795353,0.0054698694742034,0.0045090704
531,BTC,2023-10-12,2023-10-05,0.005006949,0.0033604162780743,0.005687726
532,BTC,2023-10-13,2023-10-06,0.0055722855,0.0043792321602422,0.0058094636
533,BTC,2023-10-14,2023-10-07,0.0040129903,0.0014757101015056,0.003843644
534,BTC,2023-10-15,2023-10-08,0.004320227,0.0027828303399458,0.004342894
535,BTC,2023-10-16,2023-10-09,0.0047030756,0.015638854464425,0.0060891616
536,BTC,2023-10-17,2023-10-10,0.004026765,0.0055074596701664,0.0048700403
537,BTC,2023-10-18,2023-10-11,0.0054074936,0.0053090134890549,0.007482746
538,BTC,2023-10-19,2023-10-12,0.004441163,0.0046428920317226,0.005215646
539,BTC,2023-10-20,2023-10-13,0.0042976798,0.007959708996948,0.0060498584
540,BTC,2023-10-21,2023-10-14,0.0035399513,0.0047347955337132,0.0036778268
541,BTC,2023-10-22,2023-10-15,0.0041921847,0.004818531976649,0.004886893
542,BTC,2023-10-23,2023-10-16,0.0060220743,0.0189429583901988,0.009624643
543,BTC,2023-10-24,2023-10-17,0.0057692,0.0152188294077996,0.0055646044
544,BTC,2023-10-25,2023-10-18,0.005979879,0.0079073251158777,0.005445204
545,BTC,2023-10-26,2023-10-19,0.006095784,0.0058331340043765,0.0054586665
546,BTC,2023-10-27,2023-10-20,0.0059353146,0.0057377029016768,0.008132822
547,BTC,2023-10-28,2023-10-21,0.0055149645,0.0035417456494982,0.0068157003
548,BTC,2023-10-29,2023-10-22,0.0057492414,0.0042652629761093,0.0057082847
549,BTC,2023-10-30,2023-10-23,0.0088297725,0.0049459964392961,0.01075255
550,BTC,2023-10-31,2023-10-24,0.009543382,0.0047208490447138,0.012239285
551,BTC,2023-11-01,2023-10-25,0.009814106,0.0086577997322487,0.009627198
552,BTC,2023-11-02,2023-10-26,0.008849293,0.0067590053302044,0.008119929
553,BTC,2023-11-03,2023-10-27,0.007935533,0.0061128469917336,0.010481357
554,BTC,2023-11-04,2023-10-28,0.006787263,0.0037429539364098,0.00735711
555,BTC,2023-11-05,2023-10-29,0.007081281,0.0058783570785435,0.0073581403
556,BTC,2023-11-06,2023-10-30,0.0068372185,0.0042163299456136,0.008116116
557,BTC,2023-11-07,2023-10-31,0.0064927065,0.0061229512814132,0.009559166
558,BTC,2023-11-08,2023-11-01,0.008442456,0.0052513359381198,0.010611003
559,BTC,2023-11-09,2023-11-02,0.007936111,0.0124410149997815,0.010363657
560,BTC,2023-11-10,2023-11-03,0.00646478,0.0060092976699847,0.00827916
561,BTC,2023-11-11,2023-11-04,0.005806001,0.0040827946555279,0.00771024
562,BTC,2023-11-12,2023-11-05,0.007096989,0.0032084999835232,0.006667914
563,BTC,2023-11-13,2023-11-06,0.0064932364,0.0050112538550533,0.005560056
564,BTC,2023-11-14,2023-11-07,0.006036999,0.0091644845509855,0.0054632877
565,BTC,2023-11-15,2023-11-08,0.0057215933,0.0078785696935839,0.0060249167
566,BTC,2023-11-16,2023-11-09,0.0077761803,0.0073974366331824,0.008860735
567,BTC,2023-11-17,2023-11-10,0.006778924,0.0070986128114935,0.00687748
568,BTC,2023-11-18,2023-11-11,0.005891214,0.003133496376245,0.005801995
569,BTC,2023-11-19,2023-11-12,0.0056210733,0.0039790900328294,0.0048186476
570,BTC,2023-11-20,2023-11-13,0.0055995802,0.0070409955408358,0.007060159
571,BTC,2023-11-21,2023-11-14,0.007095306,0.0087951972014747,0.007873869
572,BTC,2023-11-22,2023-11-15,0.007164745,0.0067687567607505,0.008100804
573,BTC,2023-11-23,2023-11-16,0.0073920037,0.0041870183548869,0.0077213254
574,BTC,2023-11-24,2023-11-17,0.0073719155,0.0066768866656462,0.008094807
575,BTC,2023-11-25,2023-11-18,0.0057250117,0.0018061809373735,0.0060665044
576,BTC,2023-11-26,2023-11-19,0.006124056,0.0040728287435257,0.0077059465
577,BTC,2023-11-27,2023-11-20,0.006397273,0.0053284302918385,0.008117494
578,BTC,2023-11-28,2023-11-21,0.0072359233,0.0057080580629579,0.0075501893
579,BTC,2023-11-29,2023-11-22,0.0076421485,0.0051229505868646,0.007623553
580,BTC,2023-11-30,2023-11-23,0.0062633874,0.0037634179256382,0.005956571
581,BTC,2023-12-01,2023-11-24,0.0068186196,0.0052097293299544,0.008039384
582,BTC,2023-12-02,2023-11-25,0.0046347,0.0047852415957412,0.0053680884
583,BTC,2023-12-03,2023-11-26,0.0055368943,0.0044982978501667,0.0063343123
584,BTC,2023-12-04,2023-11-27,0.0059712757,0.0083956468832982,0.00668875
585,BTC,2023-12-05,2023-11-28,0.0058910903,0.008625449959797,0.006670232
586,BTC,2023-12-06,2023-11-29,0.0059751584,0.0062208067167306,0.00674123
587,BTC,2023-12-07,2023-11-30,0.005604227,0.0060895209250895,0.006153507
588,BTC,2023-12-08,2023-12-01,0.0052861674,0.0053560528017422,0.006706943
589,BTC,2023-12-09,2023-12-02,0.005301306,0.0036523362013306,0.006646069
590,BTC,2023-12-10,2023-12-03,0.005246169,0.0031072835454491,0.0056555537
591,BTC,2023-12-11,2023-12-04,0.0064679766,0.0142569097254473,0.0073174685
592,BTC,2023-12-12,2023-12-05,0.006335994,0.0083697095758782,0.007129604
593,BTC,2023-12-13,2023-12-06,0.006327106,0.0077096843565727,0.0064228815
594,BTC,2023-12-14,2023-12-07,0.006672518,0.0093611489174971,0.006717776
595,BTC,2023-12-15,2023-12-08,0.005693815,0.0053872162427062,0.006548619
596,BTC,2023-12-16,2023-12-09,0.0049492167,0.0037663726412558,0.0049011824
597,BTC,2023-12-17,2023-12-10,0.004515405,0.0054705444783763,0.0045609814
598,BTC,2023-12-18,2023-12-11,0.0075193592,0.0079944562711887,0.008723725
599,BTC,2023-12-19,2023-12-12,0.0071026823,0.007391357990588,0.0084606465
600,BTC,2023-12-20,2023-12-13,0.008083691,0.0077868607351054,0.007106996
601,BTC,2023-12-21,2023-12-14,0.009053193,0.0063709415699989,0.008223716
602,BTC,2023-12-22,2023-12-15,0.0069134664,0.0053224874155133,0.008405434
603,BTC,2023-12-23,2023-12-16,0.0066384603,0.0028623945683035,0.007545895
604,BTC,2023-12-24,2023-12-17,0.0067999666,0.005172483693858,0.0075350213
605,BTC,2023-12-25,2023-12-18,0.0076282546,0.0043406349905437,0.008396769
606,BTC,2023-12-26,2023-12-19,0.0074534784,0.006670127543161,0.009377816
607,BTC,2023-12-27,2023-12-20,0.008445771,0.0054415213627867,0.008592381
608,BTC,2023-12-28,2023-12-21,0.0072788475,0.0049680670928016,0.008335985
609,BTC,2023-12-29,2023-12-22,0.006411891,0.0075986593140255,0.008091625
610,BTC,2023-12-30,2023-12-23,0.005606322,0.0044925017179163,0.0056349663
611,BTC,2023-12-31,2023-12-24,0.006711015,0.0049118943659765,0.00681557
612,BTC,2024-01-01,2023-12-25,0.005856441,0.0055800473254492,0.0061204024
613,BTC,2024-01-02,2023-12-26,0.0064610676,0.0092646170160281,0.0070869434
614,BTC,2024-01-03,2023-12-27,0.006437993,0.0168430214510074,0.006608567
615,BTC,2024-01-04,2023-12-28,0.0059319343,0.0077089294186089,0.0064367214
616,BTC,2024-01-05,2023-12-29,0.0064261095,0.0110940462391919,0.0075842827
617,BTC,2024-01-06,2023-12-30,0.005884133,0.0038227825810954,0.0061754617
618,BTC,2024-01-07,2023-12-31,0.0058966423,0.0051053503659693,0.006576289
619,BTC,2024-01-08,2024-01-01,0.0058637853,0.0106070132970358,0.0062368424
620,BTC,2024-01-09,2024-01-02,0.0065261573,0.0142381837950702,0.0073683313
621,BTC,2024-01-10,2024-01-03,0.008409239,0.0150587462811614,0.009937936
622,BTC,2024-01-11,2024-01-04,0.008222653,0.0147597853458805,0.006924311
623,BTC,2024-01-12,2024-01-05,0.009296589,0.0126751446595309,0.0078688385
624,BTC,2024-01-13,2024-01-06,0.0066492725,0.0053071704270517,0.004545706
625,BTC,2024-01-14,2024-01-07,0.0070785233,0.0058907181209009,0.0075407224
626,BTC,2024-01-15,2024-01-08,0.008403807,0.0070316197621039,0.009466514
627,BTC,2024-01-16,2024-01-09,0.009188769,0.0068287562301038,0.0103319315
628,BTC,2024-01-17,2024-01-10,0.011688139,0.0047406308889136,0.011487557
629,BTC,2024-01-18,2024-01-11,0.01322938,0.0076257171791436,0.013170708
630,BTC,2024-01-19,2024-01-12,0.01302693,0.0089991739666366,0.013515161
631,BTC,2024-01-20,2024-01-13,0.009747245,0.0028468935215292,0.010507216
632,BTC,2024-01-21,2024-01-14,0.010009903,0.002473709204217,0.011629814
633,BTC,2024-01-22,2024-01-15,0.009521697,0.0091839645705398,0.010030308
634,BTC,2024-01-23,2024-01-16,0.009281795,0.0081872795656505,0.009256709
635,BTC,2024-01-24,2024-01-17,0.008005137,0.0069174201474683,0.009409992
636,BTC,2024-01-25,2024-01-18,0.009702123,0.0048280803789999,0.011503516
637,BTC,2024-01-26,2024-01-19,0.009078243,0.0075998684394926,0.012600411
638,BTC,2024-01-27,2024-01-20,0.0073869657,0.0030043974161923,0.008699067
639,BTC,2024-01-28,2024-01-21,0.0069361576,0.0054475228802865,0.0082135545
640,BTC,2024-01-29,2024-01-22,0.008900418,0.0065466214484545,0.0110075325
641,BTC,2024-01-30,2024-01-23,0.008414006,0.0056948196170368,0.009642765
642,BTC,2024-01-31,2024-01-24,0.008127287,0.0075176499007499,0.00802667
643,BTC,2024-02-01,2024-01-25,0.0072462265,0.0065525250323525,0.006075667
644,BTC,2024-02-02,2024-01-26,0.0069252243,0.0052716881009487,0.007786427
645,BTC,2024-02-03,2024-01-27,0.0052350517,0.0023405964024577,0.0062405164
646,BTC,2024-02-04,2024-01-28,0.0064314688,0.0039533314083681,0.0080576865
647,BTC,2024-02-05,2024-01-29,0.006350781,0.0057180594132401,0.0076106596
648,BTC,2024-02-06,2024-01-30,0.0057798014,0.0042220612207739,0.007970536
649,BTC,2024-02-07,2024-01-31,0.00741337,0.0051920823051988,0.0077706045
650,BTC,2024-02-08,2024-02-01,0.0072883754,0.0052946731653582,0.0079976
651,BTC,2024-02-09,2024-02-02,0.005978744,0.0084267186390417,0.007007349
652,BTC,2024-02-10,2024-02-03,0.0046722074,0.0046355169094179,0.005046651
653,BTC,2024-02-11,2024-02-04,0.0054698,0.0054804465506193,0.0057861554
654,BTC,2024-02-12,2024-02-05,0.0057968134,0.0092595052453711,0.0066404687
655,BTC,2024-02-13,2024-02-06,0.0052442807,0.0076462484826697,0.0060863122
656,BTC,2024-02-14,2024-02-07,0.005604818,0.0077440932233373,0.006098791
657,BTC,2024-02-15,2024-02-08,0.0059018526,0.0078361707780242,0.0065555777
658,BTC,2024-02-16,2024-02-09,0.0061225006,0.0054703134602132,0.0075017335
659,BTC,2024-02-17,2024-02-10,0.0058776336,0.0049335178434674,0.0063093943
660,BTC,2024-02-18,2024-02-11,0.0060300576,0.0043606865383002,0.0065308097
661,BTC,2024-02-19,2024-02-12,0.0065271915,0.0045500295623749,0.007677515
662,BTC,2024-02-20,2024-02-13,0.0066718413,0.0078169274869575,0.0071039586
663,BTC,2024-02-21,2024-02-14,0.007160177,0.0068449807732733,0.0074137007
664,BTC,2024-02-22,2024-02-15,0.0069715874,0.006030853699788,0.007136103
665,BTC,2024-02-23,2024-02-16,0.006093433,0.0044329171170482,0.005943698
666,BTC,2024-02-24,2024-02-17,0.0060612275,0.0032186312890857,0.0065160654
667,BTC,2024-02-25,2024-02-18,0.005878137,0.0031527618808513,0.006020401
668,BTC,2024-02-26,2024-02-19,0.0057030916,0.0080301763215247,0.006296249
669,BTC,2024-02-27,2024-02-20,0.0067982646,0.0101885604581021,0.00857324
670,BTC,2024-02-28,2024-02-21,0.006791296,0.0186361064374072,0.007927713
671,BTC,2024-02-29,2024-02-22,0.0069050705,0.0129548964685289,0.007859375
