,unique_id,ds,cutoff,NBEATSx,Real_value,external_ETH,NHITS
0,BTC,2022-04-29,2022-04-28,0.0063651428,0.0054118093105158,0.0064593684015884,0.005918467
1,BTC,2022-04-30,2022-04-28,0.0061262734,0.0035512056108666,0.0054027557849985,0.005918467
2,BTC,2022-05-01,2022-04-28,0.0062321983,0.0054011780167481,0.0065179776450598,0.005918467
3,BTC,2022-05-02,2022-04-28,0.006119124,0.0060416551249805,0.0068228842648119,0.00580432
4,BTC,2022-05-03,2022-04-28,0.00653702,0.0043822216134048,0.0051573418587649,0.00580432
5,BTC,2022-05-04,2022-04-28,0.006549741,0.0060622685350144,0.0070461477041424,0.0064003537
6,BTC,2022-05-05,2022-04-28,0.006544547,0.0084721835139049,0.0078005733934121,0.0064003537
7,BTC,2022-05-06,2022-04-28,0.0064946893,0.0074851545459556,0.008675196317191,0.0060020667
8,BTC,2022-05-07,2022-04-28,0.006767581,0.004569483257481,0.005567999926915,0.0060020667
9,BTC,2022-05-08,2022-04-28,0.00571969,0.0072146999465418,0.0082632748180642,0.006370595
10,BTC,2022-05-09,2022-04-28,0.005851968,0.0138229847350229,0.0154123852771705,0.006370595
11,BTC,2022-05-10,2022-04-28,0.0062529403,0.0141005644116712,0.0147152017742816,0.006453907
12,BTC,2022-05-11,2022-04-28,0.006708599,0.0217777255819311,0.0263871635249193,0.006453907
13,BTC,2022-05-12,2022-04-28,0.006359397,0.0219108328527823,0.0287660670293233,0.0067432187
14,BTC,2022-05-13,2022-04-28,0.0069063646,0.0115658498804065,0.0146597948122478,0.0067432187
15,BTC,2022-05-14,2022-04-28,0.0064421906,0.0091559444649336,0.0103824169824951,0.006490738
16,BTC,2022-05-15,2022-04-28,0.0064331745,0.0078518569863457,0.0085168587327232,0.006490738
17,BTC,2022-05-16,2022-04-28,0.0062353034,0.0092315598954623,0.0105543055877617,0.006034234
18,BTC,2022-05-17,2022-04-28,0.006738137,0.0077788458447267,0.0091162766239728,0.006034234
19,BTC,2022-05-18,2022-04-28,0.006848428,0.0071886269274614,0.0087127010227261,0.0068724393
20,BTC,2022-05-19,2022-04-28,0.007001944,0.0070679633430203,0.0096554270051508,0.0068724393
21,BTC,2022-05-20,2022-04-29,0.0069839433,0.0072502477917175,0.0085842524424688,0.0062532104
22,BTC,2022-05-21,2022-04-30,0.0063408627,0.0041716053715875,0.0052449908403901,0.0056761056
23,BTC,2022-05-22,2022-05-01,0.007403575,0.0053391946112443,0.0055162791679987,0.0068347147
24,BTC,2022-05-23,2022-05-02,0.006050216,0.0064339399366076,0.007515721169584,0.006101414
25,BTC,2022-05-24,2022-05-03,0.0055860355,0.0060197733834542,0.0071861547239136,0.004412202
26,BTC,2022-05-25,2022-05-04,0.004706246,0.0056343692815544,0.0067899894675406,0.0059564463
27,BTC,2022-05-26,2022-05-05,0.0067496947,0.008784652310181,0.0136789261763904,0.0070247315
28,BTC,2022-05-27,2022-05-06,0.0071070828,0.0073757202544428,0.0132074014630766,0.005462994
29,BTC,2022-05-28,2022-05-07,0.005364282,0.0041328864818789,0.0076881552542367,0.0037955744
30,BTC,2022-05-29,2022-05-08,0.0037944443,0.0033690592116625,0.0052618828953702,0.0062144715
31,BTC,2022-05-30,2022-05-09,0.005561971,0.0084111134326602,0.0083491497878392,0.0083677415
32,BTC,2022-05-31,2022-05-10,0.006747734,0.0064134648015424,0.0083294566100201,0.0051818197
33,BTC,2022-06-01,2022-05-11,0.005820374,0.0076861745417587,0.0098824022584959,0.009361092
34,BTC,2022-06-02,2022-05-12,0.006859802,0.0057538844691797,0.0079730754961425,0.0054510073
35,BTC,2022-06-03,2022-05-13,0.009609975,0.0050045528747239,0.0070980805030133,0.002295617
36,BTC,2022-06-04,2022-05-14,0.0090620965,0.0034068811575328,0.0048003176692382,0.008631252
37,BTC,2022-06-05,2022-05-15,0.00848004,0.0036326950003793,0.0050876524907575,0.009286158
38,BTC,2022-06-06,2022-05-16,0.0075788773,0.0059870157169836,0.0071054972717505,0.010257788
39,BTC,2022-06-07,2022-05-17,0.008282887,0.0110531287995143,0.0136256623463623,0.008441945
40,BTC,2022-06-08,2022-05-18,0.0059385565,0.0081211619172866,0.0094049264284954,0.0076018786
41,BTC,2022-06-09,2022-05-19,0.005075956,0.0043968049878063,0.0053579705009293,0.007848008
42,BTC,2022-06-10,2022-05-20,0.007662848,0.0067184959982061,0.0094521288752343,0.008766614
43,BTC,2022-06-11,2022-05-21,0.0072223535,0.0062376106820442,0.0129561830593283,0.0076096393
44,BTC,2022-06-12,2022-05-22,0.0079926,0.009431976584337,0.0141303969321208,0.009509708
45,BTC,2022-06-13,2022-05-23,0.0077546495,0.0197944474089179,0.0279510996180604,0.0096722655
46,BTC,2022-06-14,2022-05-24,0.008394242,0.0192368937356161,0.024648747149969,0.009009204
47,BTC,2022-06-15,2022-05-25,0.007826118,0.0225609499557643,0.03401353887062,0.008918141
48,BTC,2022-06-16,2022-05-26,0.008081063,0.0123123495540351,0.0184021817335349,0.010652244
49,BTC,2022-06-17,2022-05-27,0.010418185,0.0099520355213917,0.0133415453527646,0.008146109
50,BTC,2022-06-18,2022-05-28,0.009646697,0.0163347040824502,0.021480965915066,0.0073684407
51,BTC,2022-06-19,2022-05-29,0.009285146,0.016586489021976,0.0210331257212885,0.007460166
52,BTC,2022-06-20,2022-05-30,0.010678461,0.0131859153688498,0.0169501704165563,0.011247121
53,BTC,2022-06-21,2022-05-31,0.008723076,0.0098452096268326,0.0121705676106373,0.006846112
54,BTC,2022-06-22,2022-06-01,0.008667342,0.0104076467461133,0.0121611183049643,0.0074735936
55,BTC,2022-06-23,2022-06-02,0.007159494,0.0087938248973252,0.0110654692890665,0.007000221
56,BTC,2022-06-24,2022-06-03,0.007989408,0.0081497651255087,0.0118623551706201,0.008169979
57,BTC,2022-06-25,2022-06-04,0.008017349,0.0053564217676077,0.0094176848518953,0.0071991878
58,BTC,2022-06-26,2022-06-05,0.0074178837,0.0062617785039377,0.0091431587844452,0.007575194
59,BTC,2022-06-27,2022-06-06,0.008260931,0.0059640148664436,0.0088586313994856,0.008524513
60,BTC,2022-06-28,2022-06-07,0.010229164,0.0057537278849222,0.0090293144982552,0.01041045
61,BTC,2022-06-29,2022-06-08,0.008661024,0.0067288521775275,0.0099720618666188,0.006086879
62,BTC,2022-06-30,2022-06-09,0.0072886436,0.0095915615522675,0.0141657143243661,0.0057197316
63,BTC,2022-07-01,2022-06-10,0.009330362,0.0123310385078541,0.014289331207287,0.0085375495
64,BTC,2022-07-02,2022-06-11,0.007050474,0.0051919702461414,0.0082662874149287,0.006286802
65,BTC,2022-07-03,2022-06-12,0.006258479,0.0072660566338558,0.008731673671902,0.007547968
66,BTC,2022-07-04,2022-06-13,0.0074157612,0.0073485637785482,0.0103477714525711,0.011233622
67,BTC,2022-07-05,2022-06-14,0.009868003,0.008365579505387,0.0105194841152007,0.005810297
68,BTC,2022-07-06,2022-06-15,0.008258235,0.0078032979441793,0.0107604385746059,0.009323355
69,BTC,2022-07-07,2022-06-16,0.00875979,0.0062025118977131,0.0079472297525537,0.004187951
70,BTC,2022-07-08,2022-06-17,0.011059614,0.0102195323054358,0.0111519231670013,0.010909421
71,BTC,2022-07-09,2022-06-18,0.011153811,0.0054852775034169,0.0058866803679092,0.016038055
72,BTC,2022-07-10,2022-06-19,0.011651771,0.0064848851585491,0.0069951888539496,0.012630942
73,BTC,2022-07-11,2022-06-20,0.010299571,0.006145503540999,0.0075614242454161,0.009180512
74,BTC,2022-07-12,2022-06-21,0.011218922,0.0062840412678285,0.0076683021265685,0.0070721973
75,BTC,2022-07-13,2022-06-22,0.01081357,0.0114586493588895,0.0147954922061227,0.009199885
76,BTC,2022-07-14,2022-06-23,0.0097196475,0.0077550752546649,0.0107201492565462,0.0095130615
77,BTC,2022-07-15,2022-06-24,0.01176152,0.0070494052801986,0.0109313681063659,0.010091381
78,BTC,2022-07-16,2022-06-25,0.010302985,0.0059475812214063,0.0173916071970637,0.008503525
79,BTC,2022-07-17,2022-06-26,0.00955275,0.0066997458885413,0.0122400945908188,0.00950836
80,BTC,2022-07-18,2022-06-27,0.008514499,0.0105158633967074,0.0142271330033575,0.007825137
81,BTC,2022-07-19,2022-06-28,0.0073840814,0.0118269802878906,0.0159312324931349,0.008188964
82,BTC,2022-07-20,2022-06-29,0.007941843,0.0103851532305649,0.0138135788445232,0.009296553
83,BTC,2022-07-21,2022-06-30,0.0077019846,0.0082552866044922,0.011468271315793,0.010643287
84,BTC,2022-07-22,2022-07-01,0.012307625,0.0069098481520061,0.010107856507619,0.011794487
85,BTC,2022-07-23,2022-07-02,0.010405054,0.0062464399846519,0.0095415056117963,0.0064595263
86,BTC,2022-07-24,2022-07-03,0.011054433,0.0062710468188223,0.0115962812514073,0.010088266
87,BTC,2022-07-25,2022-07-04,0.011649323,0.0075092292801537,0.0126978506901364,0.009069759
88,BTC,2022-07-26,2022-07-05,0.009433219,0.0063994266694958,0.0112774800688185,0.0087111825
89,BTC,2022-07-27,2022-07-06,0.008306154,0.0078649192473874,0.0116739583024244,0.007827765
90,BTC,2022-07-28,2022-07-07,0.009252808,0.0098644735784493,0.0148013346801769,0.007521801
91,BTC,2022-07-29,2022-07-08,0.009755554,0.0085332117051897,0.0128801952511186,0.011740474
92,BTC,2022-07-30,2022-07-09,0.008678804,0.0062686662225369,0.0089125357415652,0.0071201525
93,BTC,2022-07-31,2022-07-10,0.009859551,0.0065777425328122,0.0089751388396515,0.0095974915
94,BTC,2022-08-01,2022-07-11,0.008377132,0.0058218789928077,0.0086291907696852,0.008827988
95,BTC,2022-08-02,2022-07-12,0.009135299,0.0065947026348026,0.011368455148029,0.008292579
96,BTC,2022-08-03,2022-07-13,0.009156694,0.0056327440710049,0.0080300677022233,0.0111711975
97,BTC,2022-08-04,2022-07-14,0.00848847,0.005826866254452,0.0087240178443612,0.0068132
98,BTC,2022-08-05,2022-07-15,0.0084579205,0.0059941165156998,0.0092357860323012,0.008827753
99,BTC,2022-08-06,2022-07-16,0.0055219904,0.0030960083527422,0.0056896715699391,0.008121483
100,BTC,2022-08-07,2022-07-17,0.008486069,0.0031792407934065,0.0050597318744712,0.008219182
101,BTC,2022-08-08,2022-07-18,0.009107147,0.0049646525473805,0.0070404557612143,0.009485968
102,BTC,2022-08-09,2022-07-19,0.0074736183,0.0044832102914312,0.0070170754693432,0.00803599
103,BTC,2022-08-10,2022-07-20,0.00783291,0.007508530645665,0.0111789290456526,0.0067052213
104,BTC,2022-08-11,2022-07-21,0.0071980767,0.0064709119182459,0.0089335216689988,0.0077069746
105,BTC,2022-08-12,2022-07-22,0.008115306,0.0050929802847488,0.0073007600534674,0.008609644
106,BTC,2022-08-13,2022-07-23,0.007134319,0.0046721375394414,0.0064743168913372,0.0078727715
107,BTC,2022-08-14,2022-07-24,0.0053072646,0.0043489787154191,0.0062280445232864,0.0072636814
108,BTC,2022-08-15,2022-07-25,0.0062245484,0.0068845559725291,0.0099690526087222,0.007262596
109,BTC,2022-08-16,2022-07-26,0.007675461,0.0051184723137968,0.0077314565818697,0.0067774495
110,BTC,2022-08-17,2022-07-27,0.0075594243,0.0053948703001312,0.0083353017707647,0.00976628
111,BTC,2022-08-18,2022-07-28,0.008332506,0.0036822936065521,0.0062528161249542,0.011128473
112,BTC,2022-08-19,2022-07-29,0.010339777,0.0104699680493911,0.0122214613257753,0.009696519
113,BTC,2022-08-20,2022-07-30,0.00949293,0.0059091010123098,0.0095576681783104,0.008224033
114,BTC,2022-08-21,2022-07-31,0.009001375,0.0058099630558459,0.0097256321703202,0.007984667
115,BTC,2022-08-22,2022-08-01,0.008501878,0.0057825465765118,0.0096983096674907,0.007045207
116,BTC,2022-08-23,2022-08-02,0.0076708416,0.0054804579905199,0.0092647365611302,0.0076488336
117,BTC,2022-08-24,2022-08-03,0.0069022244,0.0051674848334682,0.0079519920759302,0.0062221554
118,BTC,2022-08-25,2022-08-04,0.0056039793,0.003935711044099,0.0061980525065735,0.0058574914
119,BTC,2022-08-26,2022-08-05,0.0058448683,0.0071111307665857,0.0109807746988005,0.0056706737
120,BTC,2022-08-27,2022-08-06,0.0066003436,0.0052395308326805,0.0092592967969489,0.0037276943
121,BTC,2022-08-28,2022-08-07,0.006582887,0.0043932605586629,0.0071103564048681,0.0051274044
122,BTC,2022-08-29,2022-08-08,0.006727731,0.0054409784739325,0.0090554322492509,0.0063022785
123,BTC,2022-08-30,2022-08-09,0.0058030183,0.006775715444446,0.0121748806088872,0.0042386553
124,BTC,2022-08-31,2022-08-10,0.004846869,0.0063981188445883,0.0112685610379426,0.0059117246
125,BTC,2022-09-01,2022-08-11,0.0033324095,0.0060051728764346,0.0095955683599151,0.004342906
126,BTC,2022-09-02,2022-08-12,0.0044607935,0.0055909577458191,0.0094751960958653,0.004482313
127,BTC,2022-09-03,2022-08-13,0.0064138477,0.0030026045028789,0.0057454719742827,0.005159057
128,BTC,2022-09-04,2022-08-14,0.006340123,0.0036082087083341,0.0050448900894167,0.0051251585
129,BTC,2022-09-05,2022-08-15,0.0059292163,0.0036507248738198,0.0060838096027877,0.0070114597
130,BTC,2022-09-06,2022-08-16,0.0053640273,0.0078765574470966,0.0116507099366803,0.0052677263
131,BTC,2022-09-07,2022-08-17,0.006857752,0.0055133123936483,0.0100476226447628,0.006121731
132,BTC,2022-09-08,2022-08-18,0.0056917174,0.0052377130468606,0.0092066529236724,0.0047438922
133,BTC,2022-09-09,2022-08-19,0.0077821584,0.0079205246988494,0.0082083296788195,0.010372048
134,BTC,2022-09-10,2022-08-20,0.00702791,0.0054896074134375,0.006643364632095,0.0053807218
135,BTC,2022-09-11,2022-08-21,0.0064777164,0.0051720424793665,0.0064733169692529,0.007004447
136,BTC,2022-09-12,2022-08-22,0.004371592,0.0079554035509042,0.0085831937112138,0.0054790573
137,BTC,2022-09-13,2022-08-23,0.0055503594,0.0106357622720789,0.0134862886357034,0.0045182994
138,BTC,2022-09-14,2022-08-24,0.004290088,0.0068778695401754,0.0088598694278766,0.004749099
139,BTC,2022-09-15,2022-08-25,0.0050799423,0.0070713280035194,0.014268160697679,0.00439453
140,BTC,2022-09-16,2022-08-26,0.0053806487,0.0051587007815771,0.0098141644062317,0.007032932
141,BTC,2022-09-17,2022-08-27,0.006035364,0.0040002844025212,0.0059738147780496,0.0043552164
142,BTC,2022-09-18,2022-08-28,0.005253642,0.0048871645432706,0.0084016835243485,0.0044933925
143,BTC,2022-09-19,2022-08-29,0.0049751177,0.008759636492536,0.0109299975018092,0.005514974
144,BTC,2022-09-20,2022-08-30,0.005871043,0.0073353817837128,0.0090791849594568,0.0058907582
145,BTC,2022-09-21,2022-08-31,0.0052623125,0.0138884914845258,0.0163963711180899,0.0048859213
146,BTC,2022-09-22,2022-09-01,0.0053122584,0.0073833731514715,0.010353201805802,0.006006745
147,BTC,2022-09-23,2022-09-02,0.0059448024,0.0068455626240396,0.0111461106220335,0.0064322613
148,BTC,2022-09-24,2022-09-03,0.0071498416,0.004602057273583,0.0059685690612533,0.0047600297
149,BTC,2022-09-25,2022-09-04,0.0069544595,0.0045439195063566,0.0068730596188432,0.0063735507
150,BTC,2022-09-26,2022-09-05,0.005470236,0.0059514024566056,0.0081470892445034,0.005982988
151,BTC,2022-09-27,2022-09-06,0.007524696,0.0094920109574205,0.008453387360191,0.00853628
152,BTC,2022-09-28,2022-09-07,0.0067030587,0.0085636236455302,0.0105321136182947,0.005386788
153,BTC,2022-09-29,2022-09-08,0.00629893,0.0078145622525083,0.0088436171060688,0.006131929
154,BTC,2022-09-30,2022-09-09,0.008261244,0.0074525228214217,0.0078557848143649,0.008222807
155,BTC,2022-10-01,2022-09-10,0.00785233,0.0032952941199495,0.0039070455447937,0.006006101
156,BTC,2022-10-02,2022-09-11,0.00733602,0.0040667787919896,0.0055876114256772,0.006363144
157,BTC,2022-10-03,2022-09-12,0.008680224,0.0047428078363582,0.0057551475556675,0.008037743
158,BTC,2022-10-04,2022-09-13,0.008548956,0.0055307704225885,0.0052342707367881,0.007823199
159,BTC,2022-10-05,2022-09-14,0.008048891,0.0053448004815665,0.005179324730096,0.0045149764
160,BTC,2022-10-06,2022-09-15,0.005028299,0.0050620175043296,0.0060080615018636,0.0063083475
161,BTC,2022-10-07,2022-09-16,0.0054396326,0.0051197797577565,0.0048901742895273,0.0051632193
162,BTC,2022-10-08,2022-09-17,0.0071898205,0.0026891402137965,0.0029861201595407,0.005654323
163,BTC,2022-10-09,2022-09-18,0.0077133533,0.0027493516636063,0.003102534716596,0.0067430637
164,BTC,2022-10-10,2022-09-19,0.007874165,0.0042332071032926,0.0045954928442321,0.008952515
165,BTC,2022-10-11,2022-09-20,0.007867013,0.0040052982971351,0.0052090492244531,0.006894666
166,BTC,2022-10-12,2022-09-21,0.008895956,0.0029723100027529,0.0042587083758233,0.011135351
167,BTC,2022-10-13,2022-09-22,0.0076467274,0.0084846991050861,0.0127471939350065,0.004508966
168,BTC,2022-10-14,2022-09-23,0.007819599,0.0058003817068467,0.0065407931676865,0.007561511
169,BTC,2022-10-15,2022-09-24,0.007058528,0.0022658100576255,0.0038711277597476,0.0064112833
170,BTC,2022-10-16,2022-09-25,0.006430893,0.0030767392569628,0.0042857651783445,0.0064973845
171,BTC,2022-10-17,2022-09-26,0.006141604,0.0036505850445025,0.0043920863441834,0.0069425693
172,BTC,2022-10-18,2022-09-27,0.009298455,0.0042314011237941,0.0050813736197997,0.0089149345
173,BTC,2022-10-19,2022-09-28,0.007492407,0.0033997981041372,0.0044512216966514,0.0071763145
174,BTC,2022-10-20,2022-09-29,0.00858003,0.0038580308118747,0.0046484968856547,0.0076700426
175,BTC,2022-10-21,2022-09-30,0.008513616,0.0042122722642194,0.0050283313670353,0.008061807
176,BTC,2022-10-22,2022-10-01,0.0069582625,0.0014407051724846,0.0025935175343768,0.0052536675
177,BTC,2022-10-23,2022-10-02,0.005896981,0.0029408367720026,0.0040651821188119,0.006465467
178,BTC,2022-10-24,2022-10-03,0.0062808273,0.0034462848327082,0.0051652100167287,0.005843562
179,BTC,2022-10-25,2022-10-04,0.007027473,0.0051783339447717,0.0114982724110975,0.005861619
180,BTC,2022-10-26,2022-10-05,0.0065684537,0.0065242300761708,0.0107605972756426,0.005596469
181,BTC,2022-10-27,2022-10-06,0.0068289195,0.0055893535045458,0.0095529624548512,0.0055208732
182,BTC,2022-10-28,2022-10-07,0.0070125754,0.0050352916323352,0.0081203278942581,0.0062582972
183,BTC,2022-10-29,2022-10-08,0.0056719687,0.0044907034798133,0.0091473021916174,0.0047442615
184,BTC,2022-10-30,2022-10-09,0.005867301,0.0033086125158826,0.0056883183320299,0.0047472715
185,BTC,2022-10-31,2022-10-10,0.005644259,0.0044438470179453,0.0083798397425981,0.0057026804
186,BTC,2022-11-01,2022-10-11,0.0061496226,0.0031052960139853,0.0060548718612997,0.0045444816
187,BTC,2022-11-02,2022-10-12,0.0042102677,0.0064789931850721,0.0118793493400499,0.00358079
188,BTC,2022-11-03,2022-10-13,0.0059297555,0.0032444498953118,0.0057263087730771,0.0076110857
189,BTC,2022-11-04,2022-10-14,0.0066432776,0.0059721021098008,0.0088881033999021,0.0042925132
190,BTC,2022-11-05,2022-10-15,0.0054996787,0.0031478022331583,0.00441079721187,0.0038198144
191,BTC,2022-11-06,2022-10-16,0.005581846,0.0027508559429052,0.0052246340965215,0.0050072935
192,BTC,2022-11-07,2022-10-17,0.004779246,0.0041052981707362,0.0063631226183435,0.004819151
193,BTC,2022-11-08,2022-10-18,0.0058563403,0.0199266395061693,0.0247456524529951,0.004996639
194,BTC,2022-11-09,2022-10-19,0.004353436,0.0167350823214176,0.0244495756210078,0.003944716
195,BTC,2022-11-10,2022-10-20,0.004570004,0.0166308569822491,0.0224417866670861,0.0048146276
196,BTC,2022-11-11,2022-10-21,0.0049966327,0.0135597162307635,0.0186606250720598,0.0057789586
197,BTC,2022-11-12,2022-10-22,0.004604572,0.0051530772666907,0.0085927742305696,0.003526618
198,BTC,2022-11-13,2022-10-23,0.0048529743,0.0057119529535236,0.0087942877176625,0.0051201293
199,BTC,2022-11-14,2022-10-24,0.005725793,0.0124460574201163,0.0133684115125841,0.0048090112
200,BTC,2022-11-15,2022-10-25,0.0038775248,0.0072261148538078,0.0083648242174791,0.0047010044
201,BTC,2022-11-16,2022-10-26,0.004930485,0.0055319265054322,0.0078489681375169,0.0046651172
202,BTC,2022-11-17,2022-10-27,0.004081914,0.004274401787731,0.0077104573495506,0.004537967
203,BTC,2022-11-18,2022-10-28,0.005175374,0.0039838037040215,0.0052538123387325,0.005170118
204,BTC,2022-11-19,2022-10-29,0.005424636,0.0022512209189957,0.0038419445877726,0.005180598
205,BTC,2022-11-20,2022-10-30,0.0038509914,0.0041255072334987,0.0077533618174577,0.0041971128
206,BTC,2022-11-21,2022-10-31,0.0046032923,0.0082093934840605,0.0113678621456626,0.005059566
207,BTC,2022-11-22,2022-11-01,0.0049246177,0.0058175821794454,0.0090608162696138,0.0036014821
208,BTC,2022-11-23,2022-11-02,0.0036814325,0.0056928922188425,0.0079373554745326,0.006094363
209,BTC,2022-11-24,2022-11-03,0.003156677,0.0039394988288262,0.0057780160295507,0.0031024446
210,BTC,2022-11-25,2022-11-04,0.005626275,0.0034938801782396,0.0051723611729481,0.006925958
211,BTC,2022-11-26,2022-11-05,0.0051863682,0.0028247540814331,0.0055991570609441,0.0045736637
212,BTC,2022-11-27,2022-11-06,0.0054065553,0.0022025290663429,0.0042566110650868,0.004514485
213,BTC,2022-11-28,2022-11-07,0.004301965,0.0052628388302604,0.0068620981799931,0.0048975465
214,BTC,2022-11-29,2022-11-08,0.007948022,0.0036809463912158,0.0063172860755195,0.013605906
215,BTC,2022-11-30,2022-11-09,0.00523501,0.0058164636435877,0.0085719456783508,0.004095224
216,BTC,2022-12-01,2022-11-10,0.008548146,0.004192404984046,0.0054071667811651,0.0070396196
217,BTC,2022-12-02,2022-11-11,0.007686466,0.0036665960104372,0.0050612483565873,0.007286151
218,BTC,2022-12-03,2022-11-12,0.008849587,0.0024095353918609,0.0048206560344227,0.003720685
219,BTC,2022-12-04,2022-11-13,0.008087568,0.002979302421174,0.0047656111115685,0.006944922
220,BTC,2022-12-05,2022-11-14,0.008934505,0.0040169035871424,0.005189602337107,0.011076565
221,BTC,2022-12-06,2022-11-15,0.0068133916,0.0025363616620232,0.0045215157100866,0.0050535887
222,BTC,2022-12-07,2022-11-16,0.005568221,0.0027251342355585,0.00496256988544,0.005643723
223,BTC,2022-12-08,2022-11-17,0.0049613514,0.0033357616935811,0.0052326353259366,0.0050186026
224,BTC,2022-12-09,2022-11-18,0.0067556384,0.0029989449502671,0.0062119132140448,0.0056774206
225,BTC,2022-12-10,2022-11-19,0.006256956,0.0014594247322365,0.0027493520157909,0.0050174803
226,BTC,2022-12-11,2022-11-20,0.007925549,0.001766051158935,0.0028695267089573,0.007070937
227,BTC,2022-12-12,2022-11-21,0.007956415,0.00224059730649,0.0037985297650688,0.009123439
228,BTC,2022-12-13,2022-11-22,0.007659758,0.0051981273772021,0.0071593920005892,0.005509087
229,BTC,2022-12-14,2022-11-23,0.007608069,0.0062993169388479,0.0064462804685874,0.006913218
230,BTC,2022-12-15,2022-11-24,0.006482722,0.0037736929013374,0.0043206990383874,0.0061343918
231,BTC,2022-12-16,2022-11-25,0.007345257,0.0048460864884747,0.0075076343398666,0.0065066265
232,BTC,2022-12-17,2022-11-26,0.00763865,0.0026795607998476,0.0043399171676101,0.0059535657
233,BTC,2022-12-18,2022-11-27,0.006560076,0.0022748166315362,0.0043411474749519,0.005395774
234,BTC,2022-12-19,2022-11-28,0.00800372,0.0040991225285722,0.0052825115920627,0.0067518204
235,BTC,2022-12-20,2022-11-29,0.006513767,0.0050036056382251,0.0063102906971358,0.0043120133
236,BTC,2022-12-21,2022-11-30,0.0052467035,0.0026879922488835,0.0036023711567361,0.0055651213
237,BTC,2022-12-22,2022-12-01,0.0051998333,0.0026848879082582,0.0058211743598731,0.0046237125
238,BTC,2022-12-23,2022-12-02,0.005954252,0.0026815031581842,0.0036917247443276,0.005902714
239,BTC,2022-12-24,2022-12-03,0.0053912415,0.0010664882710431,0.0014562626458982,0.0056685717
240,BTC,2022-12-25,2022-12-04,0.005007948,0.0017625793525742,0.0050009509793767,0.0052746474
241,BTC,2022-12-26,2022-12-05,0.0064173276,0.0014923087740896,0.0024408289979096,0.0054431325
242,BTC,2022-12-27,2022-12-06,0.0050108717,0.0024731337582391,0.0032266653590597,0.0034509269
243,BTC,2022-12-28,2022-12-07,0.0041583306,0.0030003858663001,0.0047242373313867,0.003860869
244,BTC,2022-12-29,2022-12-08,0.0058777803,0.0019354070595054,0.0032717271422502,0.0042807055
245,BTC,2022-12-30,2022-12-09,0.0040028435,0.002783368115878,0.0029240128668495,0.0036062424
246,BTC,2022-12-31,2022-12-10,0.0035445094,0.0015149757234869,0.002081784224604,0.0025460557
247,BTC,2023-01-01,2022-12-11,0.0034835723,0.0011161058782085,0.001664593666524,0.0028273724
248,BTC,2023-01-02,2022-12-12,0.003236288,0.0021475686716026,0.0030967559135566,0.0027819753
249,BTC,2023-01-03,2022-12-13,0.0045699636,0.0019092531662748,0.0022599796926633,0.004044108
250,BTC,2023-01-04,2022-12-14,0.0054103686,0.0028110935472824,0.0052328330794802,0.00385954
251,BTC,2023-01-05,2022-12-15,0.0049241157,0.0014837389745932,0.0022469824121276,0.0027999892
252,BTC,2023-01-06,2022-12-16,0.0055918377,0.0024639877308167,0.003680373087916,0.006384991
253,BTC,2023-01-07,2022-12-17,0.004346834,0.0007988385924098,0.0013661120992996,0.0057382057
254,BTC,2023-01-08,2022-12-18,0.004991586,0.0018840010222964,0.0033550719853432,0.0057462244
255,BTC,2023-01-09,2022-12-19,0.006817748,0.0027665781488823,0.0052809005913336,0.006713771
256,BTC,2023-01-10,2022-12-20,0.005993258,0.0020837829421629,0.0034361252487665,0.0052951872
257,BTC,2023-01-11,2022-12-21,0.0037864181,0.003484218637497,0.005171694455571,0.0034171047
258,BTC,2023-01-12,2022-12-22,0.0037575928,0.0085102363421538,0.0087662400800596,0.0053846175
259,BTC,2023-01-13,2022-12-23,0.0042744535,0.0061790526043697,0.0056140068941966,0.00630239
260,BTC,2023-01-14,2022-12-24,0.0047483332,0.0114182182974508,0.0147261303153241,0.0041483473
261,BTC,2023-01-15,2022-12-25,0.0030992932,0.0052201681646899,0.0061955154878263,0.0037560863
262,BTC,2023-01-16,2022-12-26,0.0023574047,0.006661710833562,0.0074062760444602,0.0021777696
263,BTC,2023-01-17,2022-12-27,0.0031216831,0.0062843924450362,0.0070233631955688,0.0025705164
264,BTC,2023-01-18,2022-12-28,0.0025219258,0.0083681088221969,0.0097909007197899,0.0034262002
265,BTC,2023-01-19,2022-12-29,0.0017865256,0.0037722981025474,0.0049461814975037,0.0033996373
266,BTC,2023-01-20,2022-12-30,0.0032753898,0.0058910687855719,0.0059158432801816,0.0039457567
267,BTC,2023-01-21,2022-12-31,0.003798834,0.0074924963959962,0.0076581160688028,0.0031498745
268,BTC,2023-01-22,2023-01-01,0.0030348948,0.0056077831243646,0.0060131386515639,0.003404515
269,BTC,2023-01-23,2023-01-02,0.003843308,0.0061375465906813,0.0069870272826756,0.0041878456
270,BTC,2023-01-24,2023-01-03,0.0028852564,0.0049431479324296,0.0074464959730849,0.0028755015
271,BTC,2023-01-25,2023-01-04,0.0026975414,0.0078809316409523,0.0085396651259204,0.0027628487
272,BTC,2023-01-26,2023-01-05,0.0015772197,0.0051075082769006,0.0065331268094623,0.0012594613
273,BTC,2023-01-27,2023-01-06,0.0024822988,0.0054682189888909,0.0066324237395902,0.0024703005
274,BTC,2023-01-28,2023-01-07,0.002661972,0.002180229231115,0.0040379343535052,0.0014621164
275,BTC,2023-01-29,2023-01-08,0.0028189453,0.0054393821740764,0.0065535080183587,0.0028623857
276,BTC,2023-01-30,2023-01-09,0.0044780937,0.0055905332106578,0.0070704124019663,0.0029684592
277,BTC,2023-01-31,2023-01-10,0.0030311719,0.0042983296729754,0.0052429786738955,0.0024213796
278,BTC,2023-02-01,2023-01-11,0.0028601212,0.0056207220855503,0.0074090489567129,0.0042806277
279,BTC,2023-02-02,2023-01-12,0.0060510086,0.0057584778635224,0.0080111739125378,0.008127398
280,BTC,2023-02-03,2023-01-13,0.007230731,0.0044498915882344,0.0061553053335172,0.004369211
281,BTC,2023-02-04,2023-01-14,0.0065253386,0.0023436517023779,0.0043305778337543,0.008629026
282,BTC,2023-02-05,2023-01-15,0.0068684975,0.0038244772960237,0.0046471839416444,0.0024819006
283,BTC,2023-02-06,2023-01-16,0.0054905587,0.0042201101688507,0.005234607319859,0.006382444
284,BTC,2023-02-07,2023-01-17,0.0051875077,0.0046866902704345,0.0061097153237276,0.0043491945
285,BTC,2023-02-08,2023-01-18,0.003542845,0.003635569876435,0.00503097104768,0.0048242765
286,BTC,2023-02-09,2023-01-19,0.004346987,0.005902184022191,0.0080502464670145,0.0009907349
287,BTC,2023-02-10,2023-01-20,0.0052417885,0.0043236871192984,0.0067325534664551,0.0043820343
288,BTC,2023-02-11,2023-01-21,0.004455988,0.0021730836037318,0.0034772661338799,0.0045294818
289,BTC,2023-02-12,2023-01-22,0.0057051857,0.0031404906307599,0.0042501927213361,0.003227014
290,BTC,2023-02-13,2023-01-23,0.003718339,0.0043524328765754,0.0065167921189074,0.0038704393
291,BTC,2023-02-14,2023-01-24,0.0040739616,0.005758326170785,0.00844027183694,0.0031879847
292,BTC,2023-02-15,2023-01-25,0.0045016427,0.00646686234247,0.0063747445917005,0.0057597277
293,BTC,2023-02-16,2023-01-26,0.004479222,0.0078337648715994,0.0085918226963451,0.0037323914
294,BTC,2023-02-17,2023-01-27,0.0061802873,0.0087518491715269,0.0075098391973459,0.005942521
295,BTC,2023-02-18,2023-01-28,0.004465694,0.0035293085817794,0.0036139825806693,0.003577393
296,BTC,2023-02-19,2023-01-29,0.0064352965,0.0052517088833045,0.0052855796499208,0.0064867227
297,BTC,2023-02-20,2023-01-30,0.0046586576,0.006369646436639,0.0055006989216152,0.005376626
298,BTC,2023-02-21,2023-01-31,0.002996875,0.006148876718843,0.0061139440646167,0.00466595
299,BTC,2023-02-22,2023-02-01,0.004529471,0.0059159135776755,0.0062120338759483,0.006310801
300,BTC,2023-02-23,2023-02-02,0.00472537,0.0062172346741965,0.0060871502339211,0.0063133026
301,BTC,2023-02-24,2023-02-03,0.0057893125,0.0059635942586493,0.0058533095287644,0.0055683367
302,BTC,2023-02-25,2023-02-04,0.006145058,0.003573571298918,0.0042337105700005,0.00453767
303,BTC,2023-02-26,2023-02-05,0.006001003,0.0037333143598551,0.0041928041134254,0.00598617
304,BTC,2023-02-27,2023-02-06,0.0054947147,0.0053683459755936,0.0050155362021628,0.005313347
305,BTC,2023-02-28,2023-02-07,0.005652129,0.0039393103668402,0.0045144744830874,0.004912438
306,BTC,2023-03-01,2023-02-08,0.0045633805,0.0051731322488715,0.0053400882951686,0.004204589
307,BTC,2023-03-02,2023-02-09,0.0040224222,0.0035675423096366,0.0042185444963788,0.0064556827
308,BTC,2023-03-03,2023-02-10,0.004956108,0.0073411279507614,0.0070529850646907,0.0042569865
309,BTC,2023-03-04,2023-02-11,0.0047324672,0.0019375607303482,0.0028154507164312,0.003508475
310,BTC,2023-03-05,2023-02-12,0.0048630983,0.0036873362005659,0.0041801878917063,0.0047450904
311,BTC,2023-03-06,2023-02-13,0.004812254,0.0027868457585962,0.003154034495359,0.00454665
312,BTC,2023-03-07,2023-02-14,0.004901226,0.0049139480967479,0.004826723148076,0.0045681624
313,BTC,2023-03-08,2023-02-15,0.0046412307,0.0047964993322569,0.0043267263844877,0.004247462
314,BTC,2023-03-09,2023-02-16,0.005167057,0.0063946631248796,0.007577896689812,0.0056736376
315,BTC,2023-03-10,2023-02-17,0.0056933113,0.0085375814821412,0.0096499399894651,0.0064157117
316,BTC,2023-03-11,2023-02-18,0.00468051,0.0066714613822423,0.0083502688649059,0.0036252106
317,BTC,2023-03-12,2023-02-19,0.004386895,0.0086868141288387,0.0093283920054645,0.0066220798
318,BTC,2023-03-13,2023-02-20,0.006598969,0.0112947007746919,0.0093603488313035,0.0064141476
319,BTC,2023-03-14,2023-02-21,0.006292602,0.0140489488592231,0.0113285385599781,0.006057035
320,BTC,2023-03-15,2023-02-22,0.0050455844,0.0099788712833074,0.0092958755581012,0.0057476284
321,BTC,2023-03-16,2023-02-23,0.006534635,0.0070619860562912,0.0064776753637461,0.0054290555
322,BTC,2023-03-17,2023-02-24,0.0061686086,0.0092510352638333,0.0082095661537384,0.0056045842
323,BTC,2023-03-18,2023-02-25,0.005401306,0.0089354419740188,0.0094006116544697,0.004567314
324,BTC,2023-03-19,2023-02-26,0.004927389,0.0071319877137534,0.0072651042865243,0.004814004
325,BTC,2023-03-20,2023-02-27,0.0057834815,0.0080137733320421,0.0072688229048787,0.0055954047
326,BTC,2023-03-21,2023-02-28,0.0053368295,0.0062549272882075,0.0072794325453176,0.0040184655
327,BTC,2023-03-22,2023-03-01,0.0053679533,0.0083550410128849,0.007799132245478,0.005285742
328,BTC,2023-03-23,2023-03-02,0.004543543,0.0072971402148089,0.0071238657684897,0.003880862
329,BTC,2023-03-24,2023-03-03,0.005556833,0.0059015665151749,0.0061534029173793,0.0073055415
330,BTC,2023-03-25,2023-03-04,0.0044008684,0.0040490120271577,0.0044004220307436,0.002255816
331,BTC,2023-03-26,2023-03-05,0.0047897375,0.004150277954578,0.0054610496047045,0.004556643
332,BTC,2023-03-27,2023-03-06,0.0035490238,0.0057496519834443,0.0057778665076645,0.0031665296
333,BTC,2023-03-28,2023-03-07,0.0057841795,0.0054720390679817,0.0060413648667061,0.004592744
334,BTC,2023-03-29,2023-03-08,0.004320618,0.0053809650292035,0.0050504820506522,0.003520411
335,BTC,2023-03-30,2023-03-09,0.0048470055,0.0074307608832933,0.0063878010962143,0.0046958723
336,BTC,2023-03-31,2023-03-10,0.00519234,0.0056594390901781,0.0054421292058094,0.005378635
337,BTC,2023-04-01,2023-03-11,0.0052231383,0.0032686549717489,0.0032326088724097,0.0033976715
338,BTC,2023-04-02,2023-03-12,0.00618204,0.0034733791923755,0.0038493108410753,0.00574103
339,BTC,2023-04-03,2023-03-13,0.0064585633,0.0066118882115759,0.0062389736922902,0.0065280935
340,BTC,2023-04-04,2023-03-14,0.007571844,0.0042418669708242,0.0056890247121999,0.007505834
341,BTC,2023-04-05,2023-03-15,0.00661702,0.0051950700322613,0.006370328972982,0.0049178726
342,BTC,2023-04-06,2023-03-16,0.0058832383,0.0035702295747786,0.0043557866113895,0.00549191
343,BTC,2023-04-07,2023-03-17,0.006492053,0.0025477912780548,0.0036661893691845,0.00872737
344,BTC,2023-04-08,2023-03-18,0.0075944746,0.0016221658958893,0.0024741772617999,0.0074062306
345,BTC,2023-04-09,2023-03-19,0.007659938,0.0026361919152724,0.0038055421287016,0.0072846157
346,BTC,2023-04-10,2023-03-20,0.0073328326,0.0049533743792023,0.0042246199259361,0.008464396
347,BTC,2023-04-11,2023-03-21,0.0072182585,0.0053745225617786,0.0045912390741869,0.0066111344
348,BTC,2023-04-12,2023-03-22,0.008258814,0.0051176417434249,0.0066697464993298,0.008768866
349,BTC,2023-04-13,2023-03-23,0.0077426783,0.0034485845523222,0.005599518998705,0.007057687
350,BTC,2023-04-14,2023-03-24,0.007471252,0.0044484316230647,0.0085161797352452,0.0067751356
351,BTC,2023-04-15,2023-03-25,0.005860473,0.0021501523429771,0.0039099023275101,0.0059078997
352,BTC,2023-04-16,2023-03-26,0.0059507703,0.0023488265386615,0.0046700577345285,0.006160692
353,BTC,2023-04-17,2023-03-27,0.0061842795,0.004112603723094,0.0047962486768104,0.0070210765
354,BTC,2023-04-18,2023-03-28,0.0075238487,0.0041106720902878,0.0044801890548132,0.0061791567
355,BTC,2023-04-19,2023-03-29,0.0067507336,0.0063412043013709,0.0082420922128633,0.0060767
356,BTC,2023-04-20,2023-03-30,0.0071861437,0.0058511107693317,0.0065411232739009,0.008462188
357,BTC,2023-04-21,2023-03-31,0.0064451676,0.0052378519150016,0.0065327076777857,0.0068147713
358,BTC,2023-04-22,2023-04-01,0.0065864,0.0031389159635943,0.0034050300300129,0.0056422567
359,BTC,2023-04-23,2023-04-02,0.006673177,0.0040887020165304,0.0048177959639472,0.006252367
360,BTC,2023-04-24,2023-04-03,0.008219872,0.0057539891318783,0.0064258431862633,0.00786189
361,BTC,2023-04-25,2023-04-04,0.0066309725,0.0042734266360071,0.0049517402698668,0.004192159
362,BTC,2023-04-26,2023-04-05,0.005925053,0.0112004632228279,0.0107210125999018,0.005823638
363,BTC,2023-04-27,2023-04-06,0.005838995,0.0088117762087987,0.0085546858636662,0.004771839
364,BTC,2023-04-28,2023-04-07,0.00521035,0.0046239954126846,0.0045477414851667,0.004738979
365,BTC,2023-04-29,2023-04-08,0.0048766993,0.0024264599355244,0.0029846045495061,0.004507586
366,BTC,2023-04-30,2023-04-09,0.00532155,0.0043214981366783,0.004651876804456,0.005087969
367,BTC,2023-05-01,2023-04-10,0.006789294,0.0060785360716728,0.0057724582558978,0.0061407816
368,BTC,2023-05-02,2023-04-11,0.0071730395,0.005273867690444,0.0046179707394268,0.0051636724
369,BTC,2023-05-03,2023-04-12,0.0043448005,0.0059280225888316,0.0052117167674032,0.0042130128
370,BTC,2023-05-04,2023-04-13,0.0036217212,0.0039301946321945,0.0035380731194941,0.0029861694
371,BTC,2023-05-05,2023-04-14,0.0026952047,0.004818192809535,0.0054485316494014,0.0045656064
372,BTC,2023-05-06,2023-04-15,0.003839758,0.0043116599745381,0.0061759846744767,0.003073831
373,BTC,2023-05-07,2023-04-16,0.004064087,0.0035590653394878,0.0049195477746811,0.0039923936
374,BTC,2023-05-08,2023-04-17,0.0047893263,0.0057121485942583,0.0063675849556835,0.0050483365
375,BTC,2023-05-09,2023-04-18,0.0044079092,0.0037758135578211,0.0040101022970463,0.0044977935
376,BTC,2023-05-10,2023-04-19,0.002943132,0.0089632394347218,0.0079870679021208,0.006078015
377,BTC,2023-05-11,2023-04-20,0.004833035,0.0051953895656527,0.0054898907839321,0.0054221447
378,BTC,2023-05-12,2023-04-21,0.005705653,0.0064425450740639,0.0068461399139847,0.006209261
379,BTC,2023-05-13,2023-04-22,0.0052319276,0.0032365335030216,0.0036022816143415,0.005433854
380,BTC,2023-05-14,2023-04-23,0.004410001,0.0029909195304996,0.0030353817016646,0.005959078
381,BTC,2023-05-15,2023-04-24,0.0048677837,0.004040189561259,0.0043891707167272,0.00637042
382,BTC,2023-05-16,2023-04-25,0.0052935327,0.0036887901453888,0.0035566583214422,0.0043915836
383,BTC,2023-05-17,2023-04-26,0.004643093,0.0040626127419665,0.0037245252623832,0.008878583
384,BTC,2023-05-18,2023-04-27,0.0053007784,0.0049187425754298,0.0042208311914356,0.004627501
385,BTC,2023-05-19,2023-04-28,0.0061181984,0.0036866448927754,0.0031785326011082,0.0044004247
386,BTC,2023-05-20,2023-04-29,0.0062050275,0.0015643607835167,0.0017906868128619,0.0044696718
387,BTC,2023-05-21,2023-04-30,0.004874268,0.0024216925811453,0.0022811557378901,0.0057298345
388,BTC,2023-05-22,2023-05-01,0.0047960845,0.0034183809043607,0.003098163368524,0.005817212
389,BTC,2023-05-23,2023-05-02,0.006643534,0.0031204726620849,0.0036710631850174,0.0041983044
390,BTC,2023-05-24,2023-05-03,0.0053878464,0.0046987530086428,0.0046424695476304,0.004598586
391,BTC,2023-05-25,2023-05-04,0.0039048572,0.0040012439560148,0.0044404351216053,0.0034425312
392,BTC,2023-05-26,2023-05-05,0.0052120187,0.0031947210440949,0.0029235050643446,0.0048794127
393,BTC,2023-05-27,2023-05-06,0.0052450974,0.001994170470407,0.0022755861633966,0.004137402
394,BTC,2023-05-28,2023-05-07,0.0050590555,0.0042385744679221,0.0045216860469973,0.0039143646
395,BTC,2023-05-29,2023-05-08,0.006609892,0.0038233188269278,0.00380451805722,0.0056861416
396,BTC,2023-05-30,2023-05-09,0.0054787355,0.0035027748080398,0.0036047700951379,0.003309306
397,BTC,2023-05-31,2023-05-10,0.005384964,0.0037506758640521,0.0038123823150671,0.007686712
398,BTC,2023-06-01,2023-05-11,0.0042912015,0.0044809193682689,0.0042071250595277,0.0036131665
399,BTC,2023-06-02,2023-05-12,0.005346791,0.0035799303377966,0.0033351550626173,0.0060078558
400,BTC,2023-06-03,2023-05-13,0.005162694,0.0019383787943273,0.0021149907235728,0.0042074583
401,BTC,2023-06-04,2023-05-14,0.006147675,0.0025854671344815,0.0024598557889764,0.0051975064
402,BTC,2023-06-05,2023-05-15,0.0053492403,0.0054735773502115,0.0057874086218156,0.005708934
403,BTC,2023-06-06,2023-05-16,0.00561678,0.0054940006796407,0.0045080113992914,0.0049693007
404,BTC,2023-06-07,2023-05-17,0.004129342,0.005541612546842,0.004282613989715,0.0054191677
405,BTC,2023-06-08,2023-05-18,0.0048485147,0.0035679117702304,0.0029501528472378,0.0060899463
406,BTC,2023-06-09,2023-05-19,0.005431363,0.0029444587188103,0.0027109623563694,0.004877055
407,BTC,2023-06-10,2023-05-20,0.0037204293,0.0062381042245421,0.007404190481158,0.003935557
408,BTC,2023-06-11,2023-05-21,0.0039862553,0.0034943392550069,0.0038974262582746,0.004641167
409,BTC,2023-06-12,2023-05-22,0.0038640872,0.0037318531511984,0.0046200147475693,0.0046927356
410,BTC,2023-06-13,2023-05-23,0.0037801494,0.0043429334858949,0.0049874053265263,0.003882562
411,BTC,2023-06-14,2023-05-24,0.0036633427,0.0052047934733293,0.0064100086576374,0.004625983
412,BTC,2023-06-15,2023-05-25,0.004424899,0.004300149850956,0.0044913275901442,0.0038061747
413,BTC,2023-06-16,2023-05-26,0.005662735,0.0045627056037817,0.0046684064975853,0.0040012402
414,BTC,2023-06-17,2023-05-27,0.0037489645,0.0033313634881966,0.0040915018132287,0.0037550894
415,BTC,2023-06-18,2023-05-28,0.0052278005,0.0029414872523935,0.0031894552697287,0.005311693
416,BTC,2023-06-19,2023-05-29,0.004076141,0.0046984924779618,0.0052983767053184,0.0039729346
417,BTC,2023-06-20,2023-05-30,0.0047989804,0.0055601444457178,0.0045944377638446,0.0033267715
418,BTC,2023-06-21,2023-05-31,0.0047580316,0.0086430705104819,0.0070285283027142,0.0037318459
419,BTC,2023-06-22,2023-06-01,0.0048796153,0.0056880083015678,0.0049887676776999,0.0046862485
420,BTC,2023-06-23,2023-06-02,0.005820037,0.0067864847285742,0.0057322693117947,0.0044652703
421,BTC,2023-06-24,2023-06-03,0.0047485186,0.0033556378977415,0.0032782156023648,0.0040959194
422,BTC,2023-06-25,2023-06-04,0.004945352,0.0035761535149904,0.0045365758290075,0.0050213793
423,BTC,2023-06-26,2023-06-05,0.0056934673,0.0045633501817906,0.0054467999000758,0.005621662
424,BTC,2023-06-27,2023-06-06,0.0056609726,0.0038988561012771,0.004312873598028,0.0038281537
425,BTC,2023-06-28,2023-06-07,0.0042255856,0.0042308233063035,0.0047146340670826,0.00420493
426,BTC,2023-06-29,2023-06-08,0.0043895678,0.0038775991058574,0.0038429287601627,0.0038870904
427,BTC,2023-06-30,2023-06-09,0.0051305112,0.0089777045754315,0.0088983102687569,0.0047728615
428,BTC,2023-07-01,2023-06-10,0.0050471877,0.0018018069542983,0.0025601287843726,0.00643685
429,BTC,2023-07-02,2023-06-11,0.005217311,0.0035793821742773,0.00538917419555,0.0026055472
430,BTC,2023-07-03,2023-06-12,0.0038963312,0.003461349860525,0.0038433976446511,0.0036043318
431,BTC,2023-07-04,2023-06-13,0.004421383,0.0029329871719006,0.0028246578989764,0.003868626
432,BTC,2023-07-05,2023-06-14,0.0028293794,0.00275445820161,0.0035576025597748,0.0043562707
433,BTC,2023-07-06,2023-06-15,0.0048655365,0.0057636472961867,0.0051789652067874,0.004186948
434,BTC,2023-07-07,2023-06-16,0.005625884,0.0036318894394553,0.0036439881355795,0.005061206
435,BTC,2023-07-08,2023-06-17,0.004671045,0.001631783790759,0.0020388538745418,0.0043967944
436,BTC,2023-07-09,2023-06-18,0.004790309,0.0020023993842824,0.0027187374319337,0.004373079
437,BTC,2023-07-10,2023-06-19,0.00487135,0.0039048556401479,0.0033235393715047,0.005288478
438,BTC,2023-07-11,2023-06-20,0.005931657,0.0031030023215697,0.0027756853130209,0.005367401
439,BTC,2023-07-12,2023-06-21,0.005612333,0.0036066418587982,0.0035351147872807,0.006502484
440,BTC,2023-07-13,2023-06-22,0.005318638,0.0053860504613243,0.0060280720148961,0.0037794432
441,BTC,2023-07-14,2023-06-23,0.005856515,0.0044339730742532,0.0052389849053453,0.0063378504
442,BTC,2023-07-15,2023-06-24,0.0053824154,0.0014660817409339,0.0020792450082043,0.0039167847
443,BTC,2023-07-16,2023-06-25,0.0053077894,0.0022277761509725,0.0028399991669613,0.0048065637
444,BTC,2023-07-17,2023-06-26,0.005546218,0.0035466942451914,0.0045625908000758,0.0050803437
445,BTC,2023-07-18,2023-06-27,0.005012726,0.0036070896431612,0.003597806550965,0.0039036425
446,BTC,2023-07-19,2023-06-28,0.0040163044,0.0030980326357328,0.0034580983900922,0.0042461217
447,BTC,2023-07-20,2023-06-29,0.0036524555,0.0035502672362604,0.0033611426134892,0.004313677
448,BTC,2023-07-21,2023-06-30,0.0053740833,0.0021041081390862,0.0022918479089226,0.008305146
449,BTC,2023-07-22,2023-07-01,0.004660174,0.0016199663835753,0.0027420351896515,0.0017280942
450,BTC,2023-07-23,2023-07-02,0.0047654514,0.0022419906039646,0.0025370499803316,0.0050810343
451,BTC,2023-07-24,2023-07-03,0.0045714956,0.0039822530761447,0.0034383319790779,0.0041002436
452,BTC,2023-07-25,2023-07-04,0.0035681822,0.0020884053814488,0.002316984379887,0.0036265587
453,BTC,2023-07-26,2023-07-05,0.003126103,0.0031798670250404,0.0033389163602576,0.0030898643
454,BTC,2023-07-27,2023-07-06,0.0048482846,0.0018108765594499,0.0021727918346974,0.005616163
455,BTC,2023-07-28,2023-07-07,0.004005351,0.0018832577305358,0.0019054101066471,0.00353726
456,BTC,2023-07-29,2023-07-08,0.0041729743,0.0009150261412685,0.0012609390601523,0.0030343626
457,BTC,2023-07-30,2023-07-09,0.0037447338,0.0020873527741945,0.002561455565504,0.0038382448
458,BTC,2023-07-31,2023-07-10,0.004879623,0.0021703522870043,0.0020924041244724,0.0049686236
459,BTC,2023-08-01,2023-07-11,0.004634595,0.0040924886307732,0.0040531388620391,0.0036068035
460,BTC,2023-08-02,2023-07-12,0.0035770594,0.003549489847811,0.0029963756832364,0.0039271954
461,BTC,2023-08-03,2023-07-13,0.0045062895,0.0025236663930995,0.0028291453970639,0.0049353307
462,BTC,2023-08-04,2023-07-14,0.0044751484,0.0024960244805589,0.0028482607504287,0.0041437093
463,BTC,2023-08-05,2023-07-15,0.004228898,0.0008916902773389,0.0010867833826688,0.002438108
464,BTC,2023-08-06,2023-07-16,0.004097972,0.0012747583326013,0.0014596142042826,0.003944909
465,BTC,2023-08-07,2023-07-17,0.0038489033,0.0025820521769665,0.003120402304123,0.004118197
466,BTC,2023-08-08,2023-07-18,0.0044106185,0.0037092358356077,0.003106475412673,0.0036290104
467,BTC,2023-08-09,2023-07-19,0.0027955603,0.0028179028818321,0.0021304151513263,0.0032893994
468,BTC,2023-08-10,2023-07-20,0.003799371,0.0022832444632862,0.0018869217791498,0.0038181923
469,BTC,2023-08-11,2023-07-21,0.0035521616,0.0016681437717784,0.0015680992076424,0.0027329947
470,BTC,2023-08-12,2023-07-22,0.002936466,0.0005593895352392,0.0007316592788075,0.0028781667
471,BTC,2023-08-13,2023-07-23,0.003502312,0.0008155407735522,0.001443614535673,0.0033592912
472,BTC,2023-08-14,2023-07-24,0.004158368,0.0024728884195095,0.0016731434747955,0.00425373
473,BTC,2023-08-15,2023-07-25,0.0035495067,0.0018963516234087,0.0023867235468395,0.002135429
474,BTC,2023-08-16,2023-07-26,0.0034169692,0.0024477707676836,0.0026875539312332,0.0032363816
475,BTC,2023-08-17,2023-07-27,0.0027246852,0.0149572389304898,0.0166974313144914,0.0022468828
476,BTC,2023-08-18,2023-07-28,0.003624383,0.0058608015056818,0.0059213946534073,0.0032740205
477,BTC,2023-08-19,2023-07-29,0.0027463266,0.0025478088086449,0.0028996790349287,0.002716065
478,BTC,2023-08-20,2023-07-30,0.0029824297,0.0021311894503192,0.002561764460795,0.003314939
479,BTC,2023-08-21,2023-07-31,0.003124013,0.0028808047165892,0.0035189715759981,0.002917358
480,BTC,2023-08-22,2023-08-01,0.004217905,0.0047204174694107,0.0064353747298576,0.00399491
481,BTC,2023-08-23,2023-08-02,0.0035378016,0.0043138957286736,0.0050967870911814,0.0029750078
482,BTC,2023-08-24,2023-08-03,0.0026427675,0.0033234873801601,0.0035046063625273,0.0026717833
483,BTC,2023-08-25,2023-08-04,0.0030484656,0.0038419736363128,0.0049440911838826,0.0032428654
484,BTC,2023-08-26,2023-08-05,0.0030639565,0.0010664357149185,0.0012827433455848,0.0022223878
485,BTC,2023-08-27,2023-08-06,0.0031272022,0.0012087738025026,0.0016470560366641,0.0024860753
486,BTC,2023-08-28,2023-08-07,0.0031176647,0.0026509129966793,0.0038510052159844,0.0033953744
487,BTC,2023-08-29,2023-08-08,0.0044816155,0.0072725417009005,0.0067307658877,0.0034209483
488,BTC,2023-08-30,2023-08-09,0.003058701,0.0038557837052789,0.0035101481433264,0.002586586
489,BTC,2023-08-31,2023-08-10,0.003144429,0.0057275849802376,0.00515762443441,0.0028166857
490,BTC,2023-09-01,2023-08-11,0.0024460247,0.0048019686899219,0.0044901013343451,0.002662329
491,BTC,2023-09-02,2023-08-12,0.0028566597,0.0015870527891929,0.0019108999730245,0.002051142
492,BTC,2023-09-03,2023-08-13,0.0018429424,0.0023282892377411,0.0024205090927826,0.0024065943
493,BTC,2023-09-04,2023-08-14,0.0030255439,0.0026476901957901,0.0025900265210659,0.0033683395
494,BTC,2023-09-05,2023-08-15,0.0028087683,0.0026454062548816,0.0030938490849439,0.0020141676
495,BTC,2023-09-06,2023-08-16,0.0029553934,0.0041727552259286,0.0056621801473073,0.0023814682
496,BTC,2023-09-07,2023-08-17,0.002908759,0.0039006636342395,0.0031022316407381,0.008677268
497,BTC,2023-09-08,2023-08-18,0.0039254474,0.0032620725246406,0.0028749025653783,-0.001945982
498,BTC,2023-09-09,2023-08-19,0.0039404817,0.0010320386432503,0.0009596135182892,0.0030920333
499,BTC,2023-09-10,2023-08-20,0.0036850194,0.0026999434023849,0.003697300942703,0.0038632536
500,BTC,2023-09-11,2023-08-21,0.0037824055,0.0044349263393271,0.0054330039113866,0.004092837
501,BTC,2023-09-12,2023-08-22,0.0032769348,0.0064842074287898,0.0060770975704495,0.004434104
502,BTC,2023-09-13,2023-08-23,0.0036958496,0.0041230007007828,0.0043760556451223,0.0027748244
503,BTC,2023-09-14,2023-08-24,0.002755573,0.0042833240389845,0.0038948066968009,0.0030734914
504,BTC,2023-09-15,2023-08-25,0.0035119304,0.0031840794357718,0.003043780017326,0.0048822574
505,BTC,2023-09-16,2023-08-26,0.0037861185,0.0019304694972257,0.0019710287895153,0.0028027364
506,BTC,2023-09-17,2023-08-27,0.0036942326,0.0015006477073981,0.0022072976736351,0.004303418
507,BTC,2023-09-18,2023-08-28,0.0029702985,0.0044599668400244,0.004210792009694,0.0045182314
508,BTC,2023-09-19,2023-08-29,0.0046306388,0.0043999016502351,0.0033620448178069,0.006233678
509,BTC,2023-09-20,2023-08-30,0.0031071836,0.0037513424251904,0.0040100662601981,0.002395633
510,BTC,2023-09-21,2023-08-31,0.0046505122,0.0029878399488199,0.0036008420041419,0.005969839
511,BTC,2023-09-22,2023-09-01,0.0050845374,0.0020570559732332,0.0026223887466601,0.004796221
512,BTC,2023-09-23,2023-09-02,0.0047035012,0.0008254445472337,0.001264962288892,0.0032372053
513,BTC,2023-09-24,2023-09-03,0.0037602908,0.0029109754373217,0.0031600200197995,0.0047229314
514,BTC,2023-09-25,2023-09-04,0.004717322,0.0033377140806941,0.0036555166168524,0.0041965526
515,BTC,2023-09-26,2023-09-05,0.004072878,0.0022021055829697,0.00252092726179,0.0036995853
516,BTC,2023-09-27,2023-09-06,0.0037677411,0.0033011420656338,0.0036002505354283,0.003969825
517,BTC,2023-09-28,2023-09-07,0.0038526691,0.0043006129876662,0.0043763884235121,0.0035672474
518,BTC,2023-09-29,2023-09-08,0.004724263,0.0036520625960298,0.0038995322099088,0.0042304415
519,BTC,2023-09-30,2023-09-09,0.0036203926,0.0014176652635846,0.0026707118909538,0.0030825483
520,BTC,2023-10-01,2023-09-10,0.004199507,0.0035321880230679,0.0052829080098009,0.0043043
521,BTC,2023-10-02,2023-09-11,0.004067389,0.0058342368308597,0.0066968331109579,0.004413678
522,BTC,2023-10-03,2023-09-12,0.0059817606,0.003451925552888,0.0032263990437856,0.0047054696
523,BTC,2023-10-04,2023-09-13,0.0038313419,0.0033024816566305,0.0040025156723409,0.0026946692
524,BTC,2023-10-05,2023-09-14,0.0034288578,0.0038177954738917,0.0039031618986598,0.004224348
525,BTC,2023-10-06,2023-09-15,0.004354795,0.0049104694307838,0.0040779773159575,0.004224807
526,BTC,2023-10-07,2023-09-16,0.00507317,0.0015544337298135,0.0015078067078422,0.0031168237
527,BTC,2023-10-08,2023-09-17,0.0026693663,0.0024690316008489,0.0026249430095631,0.0027068765
528,BTC,2023-10-09,2023-09-18,0.0040871706,0.0033945327825987,0.0054456773139208,0.0041235927
529,BTC,2023-10-10,2023-09-19,0.0038965712,0.0026544710211225,0.0039944752100674,0.0029603085
530,BTC,2023-10-11,2023-09-20,0.0026804004,0.0034536368789927,0.0044231394225968,0.0024333769
531,BTC,2023-10-12,2023-09-21,0.0033104846,0.0028063860006958,0.0040635962661476,0.0026326512
532,BTC,2023-10-13,2023-09-22,0.003105708,0.0032269144378498,0.003754697885777,0.0029912316
533,BTC,2023-10-14,2023-09-23,0.0032265736,0.0011984513272808,0.001735998428436,0.0026904095
534,BTC,2023-10-15,2023-09-24,0.0030281513,0.0022255337283708,0.002486817192038,0.004535728
535,BTC,2023-10-16,2023-09-25,0.002970702,0.0144904972494555,0.0079488735339354,0.004101037
536,BTC,2023-10-17,2023-09-26,0.003031113,0.0038534356689021,0.0032944297542034,0.0020074812
537,BTC,2023-10-18,2023-09-27,0.004115551,0.0039059221312981,0.0032844331872146,0.0033050473
538,BTC,2023-10-19,2023-09-28,0.0026212772,0.003830202304975,0.0035482699973272,0.004039335
539,BTC,2023-10-20,2023-09-29,0.0035672025,0.0059392302000818,0.0047283179318354,0.0035625412
540,BTC,2023-10-21,2023-09-30,0.0033179135,0.0034577591039978,0.0033002698444952,0.00313684
541,BTC,2023-10-22,2023-10-01,0.0028154782,0.0035087224196196,0.0041050387537447,0.0045167753
542,BTC,2023-10-23,2023-10-02,0.004115809,0.015039485413188,0.007987826827097,0.0039470475
543,BTC,2023-10-24,2023-10-03,0.0038572284,0.0118336539555294,0.0094435501551519,0.0017236935
544,BTC,2023-10-25,2023-10-04,0.002184525,0.0063629401225167,0.0057279859579296,0.0031926841
545,BTC,2023-10-26,2023-10-05,0.0029299902,0.0045292955080802,0.0073652460535856,0.0038454696
546,BTC,2023-10-27,2023-10-06,0.004392746,0.003960021575268,0.0049020690586733,0.005394255
547,BTC,2023-10-28,2023-10-07,0.002499458,0.0029360701218351,0.0029474822883632,0.002543696
548,BTC,2023-10-29,2023-10-08,0.0028609307,0.0029287009809887,0.0036049554072516,0.003393154
549,BTC,2023-10-30,2023-10-09,0.0036906495,0.0041105218052204,0.0051344270343717,0.0035949945
550,BTC,2023-10-31,2023-10-10,0.0021172427,0.0035612847831261,0.004527505159282,0.0020778303
551,BTC,2023-11-01,2023-10-11,0.0029008116,0.0057579360694419,0.0057032807068791,0.0028830024
552,BTC,2023-11-02,2023-10-12,0.0028259396,0.0053527489652489,0.0049400901805333,0.0026890114
553,BTC,2023-11-03,2023-10-13,0.0034655323,0.0043865333774573,0.0043545525754665,0.0035617528
554,BTC,2023-11-04,2023-10-14,0.0024619896,0.0026510448618024,0.0031275805176275,0.0016062375
555,BTC,2023-11-05,2023-10-15,0.0021701897,0.0042438175647913,0.0060417447156621,0.002720351
556,BTC,2023-11-06,2023-10-16,0.007697204,0.0032069557649969,0.0042871927104495,0.010594942
557,BTC,2023-11-07,2023-10-17,0.004841166,0.004379949643491,0.0043449794631102,-0.00048836437
558,BTC,2023-11-08,2023-10-18,0.003140427,0.0043473336769508,0.0033639968846809,0.003915646
559,BTC,2023-11-09,2023-10-19,0.0031607908,0.0088955777885251,0.0101179554555833,0.0043531703
560,BTC,2023-11-10,2023-10-20,0.0044058915,0.0044248773029538,0.0058491494167816,0.006793877
561,BTC,2023-11-11,2023-10-21,0.0056976015,0.0030607798068351,0.0053466869735945,0.005082603
562,BTC,2023-11-12,2023-10-22,0.0048320065,0.0025975343279148,0.0049445693102106,0.004462027
563,BTC,2023-11-13,2023-10-23,0.010585677,0.0040868666136062,0.0065656734546389,0.011865905
564,BTC,2023-11-14,2023-10-24,0.007327294,0.0063590595102416,0.007562287228142,0.0043049934
565,BTC,2023-11-15,2023-10-25,0.0048125396,0.0054469787103391,0.0050442248051,0.0028697064
566,BTC,2023-11-16,2023-10-26,0.0042037484,0.0060486637852058,0.0079353804792976,0.0038223958
567,BTC,2023-11-17,2023-10-27,0.0050826734,0.005325559752163,0.0054446481624399,0.004097657
568,BTC,2023-11-18,2023-10-28,0.0067136753,0.0021760652595993,0.0033488391094175,0.0039421036
569,BTC,2023-11-19,2023-10-29,0.0036250718,0.0028121325684356,0.0037385662555172,0.0033339811
570,BTC,2023-11-20,2023-10-30,0.0049054665,0.0060732113015698,0.0069577228803627,0.0039057126
571,BTC,2023-11-21,2023-10-31,0.0046284273,0.0065287659548868,0.0080135601728167,0.0029941977
572,BTC,2023-11-22,2023-11-01,0.0046665114,0.0046184992509508,0.0051870459305708,0.00488058
573,BTC,2023-11-23,2023-11-02,0.0032430384,0.0032188759514668,0.0043601495101443,0.004755188
574,BTC,2023-11-24,2023-11-03,0.0053460626,0.0051586464467964,0.0055870672743757,0.005299892
575,BTC,2023-11-25,2023-11-04,0.0051786783,0.0014824911976347,0.0023173375097542,0.0045021423
576,BTC,2023-11-26,2023-11-05,0.0047052107,0.0031185679369965,0.0040874280717983,0.004939071
577,BTC,2023-11-27,2023-11-06,0.0047353143,0.0040638363320081,0.0049191554756632,0.0033593732
578,BTC,2023-11-28,2023-11-07,0.005104078,0.0037926851132668,0.0043586924827867,0.004662306
579,BTC,2023-11-29,2023-11-08,0.0040391465,0.0038833423837708,0.0039913969106147,0.0048279595
580,BTC,2023-11-30,2023-11-09,0.002995457,0.0028804678297349,0.0031795282832451,0.0075156386
581,BTC,2023-12-01,2023-11-10,0.005643256,0.0035909626250121,0.0041929818852654,0.0027432507
582,BTC,2023-12-02,2023-11-11,0.0064611603,0.0034166308802026,0.0048214280686698,0.004375344
583,BTC,2023-12-03,2023-11-12,0.004356798,0.0032334099619432,0.0037594288895298,0.0040260716
584,BTC,2023-12-04,2023-11-13,0.0030608664,0.0058912601870532,0.0066358647449015,0.005248841
585,BTC,2023-12-05,2023-11-14,0.0052185003,0.0069215463437748,0.006214288605259,0.0062179775
586,BTC,2023-12-06,2023-11-15,0.006486787,0.0053478186210461,0.0059973423372161,0.004629317
587,BTC,2023-12-07,2023-11-16,0.003832503,0.0049548119257634,0.0058124739313558,0.0057298886
588,BTC,2023-12-08,2023-11-17,0.005721211,0.0034181068174667,0.004575021669356,0.0054907496
589,BTC,2023-12-09,2023-11-18,0.0050393776,0.0028642880805795,0.0049070880921161,0.0042918716
590,BTC,2023-12-10,2023-11-19,0.0048483736,0.0022945551318501,0.0030646690253292,0.0050162245
591,BTC,2023-12-11,2023-11-20,0.0062024426,0.0121266277157156,0.0121511547556815,0.0066263946
592,BTC,2023-12-12,2023-11-21,0.0059579094,0.0051393059630038,0.0048158213800975,0.00504421
593,BTC,2023-12-13,2023-11-22,0.0057492913,0.0056368025779337,0.0059086624920217,0.0035027266
594,BTC,2023-12-14,2023-11-23,0.0055397134,0.0077950458450924,0.0070058606222623,0.0044314126
595,BTC,2023-12-15,2023-11-24,0.0055646896,0.0042491696268144,0.0044984884062939,0.0066785915
596,BTC,2023-12-16,2023-11-25,0.005191143,0.0031621480089654,0.003352551493014,0.0028224825
597,BTC,2023-12-17,2023-11-26,0.0045579495,0.0042684543275288,0.0045272050724929,0.0042082514
598,BTC,2023-12-18,2023-11-27,0.004804261,0.005217696277447,0.0054650413563431,0.0036751681
599,BTC,2023-12-19,2023-11-28,0.0044653583,0.0048352954016323,0.0052377242151976,0.003442938
600,BTC,2023-12-20,2023-11-29,0.0045854035,0.0053827855062873,0.0066319754393536,0.004444485
601,BTC,2023-12-21,2023-11-30,0.004226722,0.004334369176038,0.0056040933599235,0.0043651937
602,BTC,2023-12-22,2023-12-01,0.0055904235,0.0038916039236976,0.0070880423656722,0.005376237
603,BTC,2023-12-23,2023-12-02,0.0047788457,0.0021997745982239,0.0039072383976477,0.0044886144
604,BTC,2023-12-24,2023-12-03,0.0057641575,0.0041630365006123,0.0048560466550699,0.0038840445
605,BTC,2023-12-25,2023-12-04,0.0051834504,0.0032623831006789,0.0038489957103477,0.0054269168
606,BTC,2023-12-26,2023-12-05,0.0068049543,0.0048807805032838,0.0052065796700955,0.005462929
607,BTC,2023-12-27,2023-12-06,0.0042594923,0.0040401170523202,0.005523294098811,0.004213952
608,BTC,2023-12-28,2023-12-07,0.0046696994,0.0041538317955709,0.0075553244138812,0.0048674503
609,BTC,2023-12-29,2023-12-08,0.005096486,0.005328802179631,0.0069299610182016,0.004035635
610,BTC,2023-12-30,2023-12-09,0.0043345187,0.0031982815217634,0.0038307002743833,0.003848494
611,BTC,2023-12-31,2023-12-10,0.0045117177,0.0037726095648578,0.0042768684245543,0.0032460245
612,BTC,2024-01-01,2023-12-11,0.0052046278,0.0034552119318397,0.0034024378098794,0.00958027
613,BTC,2024-01-02,2023-12-12,0.0060610417,0.0065089542889373,0.0059855355169465,0.0013576618
614,BTC,2024-01-03,2023-12-13,0.0037242088,0.013413778417722,0.0168009887606651,0.0043824334
615,BTC,2024-01-04,2023-12-14,0.004992884,0.0063255249427916,0.0058013537032125,0.0057053566
616,BTC,2024-01-05,2023-12-15,0.006194385,0.0090664112544292,0.0063397362482378,0.0031657782
617,BTC,2024-01-06,2023-12-16,0.005601209,0.0031053199024105,0.0031709076346185,0.003718439
618,BTC,2024-01-07,2023-12-17,0.0063052424,0.003678369419648,0.0040097204529799,0.0045825588
619,BTC,2024-01-08,2023-12-18,0.0051997993,0.0068745247536466,0.0063946119900134,0.0044236355
620,BTC,2024-01-09,2023-12-19,0.0057550846,0.0115720755304097,0.0108269185065966,0.004295738
621,BTC,2024-01-10,2023-12-20,0.005911663,0.0117287083367564,0.0122050013840437,0.004615371
622,BTC,2024-01-11,2023-12-21,0.0040553003,0.0093340991056765,0.0087964512911339,0.003547631
623,BTC,2024-01-12,2023-12-22,0.004551443,0.0100922074170954,0.0110386270400676,0.0039728805
624,BTC,2024-01-13,2023-12-23,0.0049156463,0.0040083395175885,0.0048208049454357,0.0033340596
625,BTC,2024-01-14,2023-12-24,0.0046076938,0.0044273844689469,0.004609281378687,0.0056256824
626,BTC,2024-01-15,2023-12-25,0.0038117878,0.004646133338156,0.0042994525340191,0.0039594737
627,BTC,2024-01-16,2023-12-26,0.0038580853,0.0052100957011103,0.0051390795035091,0.0050155586
628,BTC,2024-01-17,2023-12-27,0.0039438363,0.003999164447985,0.0045745986340979,0.004304678
629,BTC,2024-01-18,2023-12-28,0.0020048025,0.0054430767285496,0.0052217213266694,0.004623277
630,BTC,2024-01-19,2023-12-29,0.0058806883,0.0060938896892425,0.0053007824029968,0.0061380332
631,BTC,2024-01-20,2023-12-30,0.0059979022,0.0022967195495326,0.0025245593737928,0.004668599
632,BTC,2024-01-21,2023-12-31,0.0047455933,0.0017576607598325,0.0019421209671345,0.0053042355
633,BTC,2024-01-22,2024-01-01,0.0051921867,0.0072197240211751,0.0073677897761129,0.004104121
634,BTC,2024-01-23,2024-01-02,0.00460631,0.0057242087599628,0.007729622156395,0.005854999
635,BTC,2024-01-24,2024-01-03,0.0038735066,0.0049800561168154,0.0053146413010575,0.008004764
636,BTC,2024-01-25,2024-01-04,0.005999358,0.0037519082882169,0.0048185587047422,0.00191826
637,BTC,2024-01-26,2024-01-05,0.008282324,0.0045676903366108,0.0042959048008383,0.008608814
638,BTC,2024-01-27,2024-01-06,0.0065795234,0.0022230500270778,0.0025496504538242,0.0031822664
639,BTC,2024-01-28,2024-01-07,0.0041010133,0.0039899472852901,0.0040991732898361,0.00516245
640,BTC,2024-01-29,2024-01-08,0.0071941977,0.0043785488076261,0.0043983182638573,0.006829035
641,BTC,2024-01-30,2024-01-09,0.008859634,0.0045120932668318,0.0049504054865158,0.0076823123
642,BTC,2024-01-31,2024-01-10,0.006183232,0.0049272353972691,0.0053193449613442,0.0052692336
643,BTC,2024-02-01,2024-01-11,0.00734038,0.0046262461976533,0.0046026572019392,0.0055894153
644,BTC,2024-02-02,2024-01-12,0.0077176034,0.0036609324670784,0.0035600538991386,0.00763575
645,BTC,2024-02-03,2024-01-13,0.007411956,0.0019060086766529,0.0024357275091583,0.0035904592
646,BTC,2024-02-04,2024-01-14,0.006095023,0.0031144908317028,0.0037894570666835,0.006593358
647,BTC,2024-02-05,2024-01-15,0.007612705,0.0036015539346152,0.0035500706371985,0.0065296274
648,BTC,2024-02-06,2024-01-16,0.005632526,0.0032778144113438,0.0045184244376576,0.0060557015
649,BTC,2024-02-07,2024-01-17,0.005144797,0.0036171924355343,0.00388024014299,0.0045587644
650,BTC,2024-02-08,2024-01-18,0.005743458,0.0036699638170756,0.0039413131929557,0.006392954
651,BTC,2024-02-09,2024-01-19,0.007945748,0.0062713348967213,0.005268135018328,0.007412209
652,BTC,2024-02-10,2024-01-20,0.004936118,0.0035956747061443,0.0029219538305513,0.0044243503
653,BTC,2024-02-11,2024-01-21,0.005426918,0.0035018230478349,0.0032684716386897,0.004861048
654,BTC,2024-02-12,2024-01-22,0.005982709,0.0056334063832103,0.0056537232559931,0.008494914
655,BTC,2024-02-13,2024-01-23,0.0064608855,0.0055087118183294,0.0071653893532036,0.0043463684
656,BTC,2024-02-14,2024-01-24,0.00587344,0.0053788574020888,0.0052800317837064,0.004755397
657,BTC,2024-02-15,2024-01-25,0.0038937798,0.0053438691739695,0.0068624041812918,0.0053187707
658,BTC,2024-02-16,2024-01-26,0.0063799256,0.0040692704575947,0.0061456412708795,0.0064956453
659,BTC,2024-02-17,2024-01-27,0.0060217585,0.0036431960419741,0.0038417271750625,0.00484624
660,BTC,2024-02-18,2024-01-28,0.006550736,0.0031033076541971,0.0044054264705594,0.006344335
661,BTC,2024-02-19,2024-01-29,0.0059492923,0.0033424002122376,0.0055124746244883,0.004999458
662,BTC,2024-02-20,2024-01-30,0.005470173,0.0054190946467293,0.0072642247174567,0.004539588
663,BTC,2024-02-21,2024-01-31,0.0039509605,0.0049432117651508,0.0070746999288222,0.0047123292
664,BTC,2024-02-22,2024-02-01,0.004308547,0.0041693305379063,0.0065328062596622,0.0045392173
665,BTC,2024-02-23,2024-02-02,0.005761832,0.0034458253275657,0.005041755061789,0.0043518064
666,BTC,2024-02-24,2024-02-03,0.0047269017,0.0021948666803765,0.0034507639422607,0.0033863517
667,BTC,2024-02-25,2024-02-04,0.0045076883,0.0025036566209824,0.0048720734591716,0.004295167
668,BTC,2024-02-26,2024-02-05,0.004465572,0.0046846510033579,0.0057432836677655,0.004001117
669,BTC,2024-02-27,2024-02-06,0.004391312,0.0076893183695282,0.0064622015372342,0.0035300509
670,BTC,2024-02-28,2024-02-07,0.0045202216,0.0155701932704142,0.0167556218303614,0.003709355
671,BTC,2024-02-29,2024-02-08,0.0038847583,0.0102788725272044,0.0099919957896256,0.0040540993
